service_code,service_full_name,main_resource_example,secondary_examples,from_operation,id_fields_seen
accessanalyzer,Access Analyzer,AccessPreviewFinding,AccessPreviewSummary;AnalyzedResourceSummary,ListAccessPreviewFindings,existingFindingId
account,AWS Account,Region,,ListRegions,RegionName
acm,AWS Certificate Manager,CertificateSummary,DomainValidation;DomainValidation,ListCertificates,CertificateArn;DomainName
acm-pca,AWS Certificate Manager Private Certificate Authority,Action,CertificateAuthority;AccessDescription,ListPermissions,ActionName
aiops,AWS AI Ops,CrossAccountConfiguration,ListInvestigationGroupsModel,GetInvestigationGroup,sourceRoleArn
amp,Amazon Prometheus Service,ScraperSummary,WorkspaceSummary;securityGroup,ListScrapers,roleArn;scraperId
amplify,AWS Amplify,Branch,Webhook;DomainAssociation,ListBranches,activeJobId;backendEnvironmentArn;branchArn;branchName;computeRoleArn;displayName;pullRequestEnvironmentName
amplifybackend,AmplifyBackend,BackendJobRespObj,S3BucketInfo;AdditionalConstraint,ListBackendJobs,AppId;BackendEnvironmentName;JobId
amplifyuibuilder,AWS Amplify UI Builder,CodegenJobSummary,ComponentSummary;FormSummary,ListCodegenJobs,appId;environmentName
apigateway,Amazon API Gateway,Domain,Stage;DomainNameAccessAssociation,GetDomainNames,certificateArn;certificateName;distributionDomainName;distributionHostedZoneId;domainName;domainNameArn;domainNameId;ownershipVerificationCertificateArn;regionalCertificateArn;regionalCertificateName;regionalDomainName;regionalHostedZoneId
apigatewayv2,AmazonApiGatewayV2,DomainNameConfiguration,DomainNameConfiguration;DomainNameConfiguration,CreateDomainName,ApiGatewayDomainName;CertificateArn;CertificateName;HostedZoneId;OwnershipVerificationCertificateArn
appconfig,Amazon AppConfig,ExtensionSummary,ActionInvocation;ActionInvocation,ListExtensions,Arn;Id;Name
appfabric,AppFabric,UserAccessResultItem,AppAuthorizationSummary;IngestionSummary,BatchGetUserAccessTasks,taskId;tenantDisplayName;tenantId;userFirstName;userFullName;userId;userLastName
appflow,Amazon Appflow,ConnectorProfile,FlowDefinition;ConnectorDetail,DescribeConnectorProfiles,connectorProfileArn;connectorProfileName;credentialsArn
appintegrations,Amazon AppIntegrations Service,ApplicationSummary,EventIntegrationAssociation;ApplicationAssociationSummary,ListApplications,Arn;Id;Name
application-autoscaling,Application Auto Scaling,ScheduledAction,Alarm;MetricDimension,DescribeScheduledActions,ResourceId;ScheduledActionName
application-insights,Amazon CloudWatch Application Insights,ApplicationInfo,Observation;ConfigurationEvent,ListApplications,AccountId;OpsItemSNSTopicArn;ResourceGroupName;SNSNotificationArn
application-signals,Amazon CloudWatch Application Signals,MetricReference,MetricReference;MetricReference,ListServiceDependencies,AccountId;MetricName
applicationcostprofiler,AWS Application Cost Profiler,ReportDefinition,,ListReportDefinitions,reportId
appmesh,AWS App Mesh,GatewayRouteRef,MeshRef;RouteRef,ListGatewayRoutes,gatewayRouteName;meshName;virtualGatewayName
apprunner,AWS App Runner,ServiceSummary,VpcDNSTarget;VpcDNSTarget,ListServices,ServiceArn;ServiceId;ServiceName
appstream,Amazon AppStream,User,AppBlock;AppBlockBuilder,DescribeUsers,Arn;FirstName;LastName;UserName
appsync,AWS AppSync,DomainNameConfig,FunctionConfiguration;Api,ListDomainNames,appsyncDomainName;certificateArn;domainName;domainNameArn;hostedZoneId
apptest,AWS Mainframe Modernization Application Testing,TestCaseSummary,TestConfigurationSummary;TestRunStepSummary,ListTestCases,testCaseArn;testCaseId
arc-region-switch,ARC - Region switch,AbbreviatedExecution,EksCluster;EksCluster,ListPlanExecutions,executionId;planArn
arc-zonal-shift,AWS ARC - Zonal Shift,ZonalShiftInResource,ZonalShiftSummary;availabilityZone,ListManagedResources,zonalShiftId
artifact,AWS Artifact,CustomerAgreementSummary,ReportSummary;acceptanceTerm,ListCustomerAgreements,agreementArn;awsAccountId;organizationArn
athena,Amazon Athena,WorkGroupSummary,NamedQuery;ApplicationDPUSize,ListWorkGroups,IdentityCenterApplicationArn;Name
auditmanager,AWS Audit Manager,Delegation,Delegation;Delegation,ListAssessments,assessmentId;assessmentName;controlSetId;roleArn
autoscaling,Auto Scaling,AutoScalingInstanceDetail,Instance;Instance,DescribeAutoScalingInstances,AutoScalingGroupName;InstanceId;LaunchConfigurationName
autoscaling-plans,AWS Auto Scaling Plans,ScalingPlanResource,MetricDimension;MetricDimension,DescribeScalingPlanResources,ResourceId;ScalingPlanName
b2bi,AWS B2B Data Interchange,ProfileSummary,CapabilitySummary;PartnershipSummary,ListProfiles,businessName;logGroupName;profileId
backup,AWS Backup,BackupJob,BackupPlansListMember;BackupPlansListMember,ListBackupJobs,AccountId;BackupJobId;BackupVaultArn;BackupVaultName;IamRoleArn;ParentJobId;RecoveryPointArn;ResourceArn;ResourceName
backup-gateway,AWS Backup Gateway,Gateway,VirtualMachine;Hypervisor,ListGateways,GatewayArn;GatewayDisplayName;HypervisorId
backupsearch,AWS Backup Search,SearchJobSummary,ExportJobSummary;SearchJobBackupsResult,ListSearchJobs,Name;SearchJobArn
batch,AWS Batch,JobDetail,JobSummary;ServiceJobSummary,DescribeJobs,jobArn;jobId;jobName
bcm-data-exports,AWS Billing and Cost Management Data Exports,ExportReference,Table;TablePropertyDescription,ListExports,ExportArn;ExportName
bcm-pricing-calculator,AWS Billing and Cost Management Pricing Calculator,BillEstimateCommitmentSummary,BillEstimateInputCommitmentModificationSummary;BillEstimateInputUsageModificationSummary,ListBillEstimateCommitments,offeringId;usageAccountId
bedrock,Amazon Bedrock,CustomModelSummary,FoundationModelSummary;InferenceProfileSummary,ListCustomModels,baseModelArn;baseModelName;modelArn;modelName;ownerAccountId
bedrock-agent,Agents for Amazon Bedrock,ActionGroupSummary,AgentAliasSummary;AgentCollaboratorSummary,ListAgentActionGroups,actionGroupId;actionGroupName
bedrock-agent-runtime,Agents for Amazon Bedrock Runtime,SessionSummary,FlowExecutionSummary;InvocationStepSummary,ListSessions,sessionArn;sessionId
bedrock-agentcore,Amazon Bedrock AgentCore Data Plane Fronting Layer,ActorSummary,BrowserSessionSummary;CodeInterpreterSessionSummary,ListActors,actorId
bedrock-agentcore-control,Amazon Bedrock Agent Core Control Plane Fronting Layer,Agent,Agent;BrowserSummary,ListAgentRuntimeVersions,agentRuntimeArn;agentRuntimeId;agentRuntimeName
bedrock-data-automation,Data Automation for Amazon Bedrock,BlueprintSummary,DataAutomationProjectSummary;BlueprintItem,ListBlueprints,blueprintArn;blueprintName
bedrock-runtime,Amazon Bedrock Runtime,AsyncInvokeSummary,GuardrailAutomatedReasoningRule;GuardrailAutomatedReasoningRule,ListAsyncInvokes,invocationArn;modelArn
billing,AWS Billing,BillingViewListElement,sourceView;value,ListBillingViews,ownerAccountId
billingconductor,AWSBillingConductor,AccountAssociationsListElement,BillingGroupListElement;CustomLineItemListElement,ListAccountAssociations,AccountId;AccountName;BillingGroupArn
braket,Braket,DeviceSummary,JobSummary;InputFileConfig,SearchDevices,deviceArn;deviceName;providerName
budgets,AWS Budgets,Action,Action;Budget,DescribeBudgetActionsForAccount,ActionId;BudgetName;ExecutionRoleArn
ce,AWS Cost Explorer Service,AnomalySubscription,CostCategoryReference;Anomaly,GetAnomalySubscriptions,AccountId;SubscriptionArn;SubscriptionName
chatbot,AWS Chatbot,SlackChannelConfiguration,TeamsChannelConfiguration;SlackUserIdentity,DescribeSlackChannelConfigurations,ChatConfigurationArn;ConfigurationName;IamRoleArn;SlackChannelId;SlackChannelName;SlackTeamId;SlackTeamName
chime,Amazon Chime,User,Account;Bot,ListUsers,AccountId;DisplayName;UserId
chime-sdk-identity,Amazon Chime SDK Identity,AppInstanceBotSummary,AppInstanceSummary;AppInstanceUserEndpointSummary,ListAppInstanceBots,AppInstanceBotArn;Name
chime-sdk-media-pipelines,Amazon Chime SDK Media Pipelines,KinesisVideoStreamPoolSummary,MediaInsightsPipelineConfigurationSummary;MediaCapturePipelineSummary,ListMediaPipelineKinesisVideoStreamPools,PoolArn;PoolId;PoolName
chime-sdk-meetings,Amazon Chime SDK Meetings,Attendee,Attendee;Attendee,ListAttendees,AttendeeId;ExternalUserId
chime-sdk-messaging,Amazon Chime SDK Messaging,ChannelAssociatedWithFlowSummary,ChannelFlowSummary;ChannelSummary,ListChannelsAssociatedWithChannelFlow,ChannelArn;Name
chime-sdk-voice,Amazon Chime SDK Voice,VoiceProfileDomainSummary,SipMediaApplication;VoiceConnector,ListVoiceProfileDomains,Name;VoiceProfileDomainArn;VoiceProfileDomainId
cleanrooms,AWS Clean Rooms Service,CollaborationSummary,MemberSummary;MembershipSummary,ListCollaborations,creatorAccountId;creatorDisplayName;membershipArn;membershipId
cleanroomsml,AWS Clean Rooms ML,AudienceGenerationJobSummary,CollaborationConfiguredModelAlgorithmAssociationSummary;CollaborationMLInputChannelSummary,ListAudienceGenerationJobs,audienceGenerationJobArn;collaborationId;configuredAudienceModelArn
cloud9,AWS Cloud9,EnvironmentMember,Environment;environment,DescribeEnvironmentMemberships,environmentId;userArn;userId
cloudcontrol,AWS Cloud Control API,HookProgressEvent,ProgressEvent;ResourceDescription,GetResourceRequestStatus,HookTypeArn;HookTypeName;HookTypeVersionId
clouddirectory,Amazon CloudDirectory,Directory,SchemaFacet;SchemaFacet,ListDirectories,DirectoryArn;Name
cloudformation,AWS CloudFormation,TypeSummary,TypeVersionSummary;ChangeSetHook,ListTypes,DefaultVersionId;OriginalTypeName;PublisherId;PublisherName;TypeArn;TypeName
cloudfront,Amazon CloudFront,AnycastIpListSummary,ConnectionGroupSummary;DistributionTenantSummary,ListAnycastIpLists,Arn;Id;Name
cloudfront-keyvaluestore,Amazon CloudFront KeyValueStore,ListKeysResponseListItem,,ListKeys,
cloudhsm,Amazon CloudHSM,AZList,ClientList;HapgList,ListAvailableZones,AZListName
cloudhsmv2,AWS CloudHSM V2,Backup,Cluster;Hsm,DescribeBackups,BackupArn;BackupId;ClusterId
cloudsearch,Amazon CloudSearch,DomainStatu,Field;Field,DescribeDomains,DomainId;DomainName
cloudtrail,AWS CloudTrail,Trail,Channel;EventDataStore,DescribeTrails,CloudWatchLogsLogGroupArn;CloudWatchLogsRoleArn;KmsKeyId;Name;S3BucketName;SnsTopicName
cloudwatch,Amazon CloudWatch,MetricAlarm,MetricAlarm;MetricStreamEntry,DescribeAlarms,AlarmArn;AlarmName;MetricName;ThresholdMetricId
codeartifact,CodeArtifact,UpstreamRepositoryInfo,PackageGroupSummary;PackageGroupSummary,DescribeRepository,repositoryName
codebuild,AWS CodeBuild,CommandExecution,TestCase;Build,ListCommandExecutionsForSandbox,sandboxArn;sandboxId
codecatalyst,Amazon CodeCatalyst,DevEnvironmentSessionSummary,DevEnvironmentSummary;EventLogEntry,ListDevEnvironmentSessions,devEnvironmentId;projectName;spaceName
codecommit,AWS CodeCommit,PullRequestEvent,RepositoryNameIdPair;ApprovalRule,DescribePullRequestEvents,actorArn;pullRequestId
codeconnections,AWS CodeConnections,Connection,RepositoryLinkInfo;SyncConfiguration,ListConnections,ConnectionArn;ConnectionName;HostArn;OwnerAccountId
codedeploy,AWS CodeDeploy,DeploymentGroupInfo,InstanceInfo;ApplicationInfo,BatchGetDeploymentGroups,applicationName;deploymentConfigName;deploymentGroupId;deploymentGroupName;serviceRoleArn
codeguru-reviewer,Amazon CodeGuru Reviewer,CodeReviewSummary,RepositoryAssociationSummary;AnalysisType,ListCodeReviews,CodeReviewArn;Name;PullRequestId;RepositoryName
codeguru-security,Amazon CodeGuru Security,ScanSummary,Finding;Finding,ListScans,runId;scanName;scanNameArn
codeguruprofiler,Amazon CodeGuru Profiler,FindingsReportSummary,profilingGroup;FindingsReportSummary,ListFindingsReports,profilingGroupName
codepipeline,AWS CodePipeline,ActionExecutionDetail,RuleExecutionDetail;SourceRevision,ListActionExecutions,actionExecutionId;actionName;pipelineExecutionId;stageName
codestar-connections,AWS CodeStar connections,Connection,RepositoryLinkInfo;SyncConfiguration,ListConnections,ConnectionArn;ConnectionName;HostArn;OwnerAccountId
codestar-notifications,AWS CodeStar Notifications,EventTypeSummary,EventTypeSummary;NotificationRuleSummary,DescribeNotificationRule,EventTypeId;EventTypeName;ServiceName
cognito-identity,Amazon Cognito Identity,CognitoIdentityProvider,IdentityPoolShortDescription;CognitoIdentityProvider,DescribeIdentityPool,ClientId;ProviderName
cognito-idp,Amazon Cognito Identity Provider,UserImportJobType,GroupType;GroupType,ListUserImportJobs,CloudWatchLogsRoleArn;JobId;JobName;UserPoolId
cognito-sync,Amazon Cognito Sync,Dataset,IdentityPoolUsage;MergedDataset,ListDatasets,DatasetName;IdentityId
comprehend,Amazon Comprehend,TopicsDetectionJobProperty,DocumentClassificationJobProperty;DocumentClassifierProperty,ListTopicsDetectionJobs,DataAccessRoleArn;JobArn;JobId;JobName;VolumeKmsKeyId
comprehendmedical,AWS Comprehend Medical,ComprehendMedicalAsyncJobProperty,ComprehendMedicalAsyncJobProperty;ComprehendMedicalAsyncJobProperty,ListEntitiesDetectionV2Jobs,DataAccessRoleArn;JobId;JobName
compute-optimizer,AWS Compute Optimizer,InstanceRecommendation,AutoScalingGroupRecommendation;LambdaFunctionRecommendation,GetEC2InstanceRecommendations,accountId;instanceArn;instanceName
config,AWS Config,ConfigRule,ConfigRuleEvaluationStatu;ConformancePackDetail,DescribeConfigRules,ConfigRuleArn;ConfigRuleId;ConfigRuleName
connect,Amazon Connect Service,QueueSummary,RoutingProfileQueueConfigSummary;AgentStatusSummary,ListQueues,Arn;Id;Name
connect-contact-lens,Amazon Connect Contact Lens,MatchedCategory,IssueDetected;RealtimeContactAnalysisSegment,ListRealtimeContactAnalysisSegments,MatchedCategoryName
connectcampaigns,AmazonConnectCampaignService,CampaignSummary,FailedCampaignStateResponse;SuccessfulCampaignStateResponse,ListCampaigns,connectInstanceId
connectcampaignsv2,AmazonConnectCampaignServiceV2,CampaignSummary,channelSubtype;localTimeZoneDetection,ListCampaigns,connectCampaignFlowArn;connectInstanceId
connectcases,Amazon Connect Cases,DomainSummary,CaseRuleSummary;FieldSummary,ListDomains,domainArn;domainId
connectparticipant,Amazon Connect Participant Service,AttachmentItem,Item;Action,GetTranscript,AttachmentId;AttachmentName
controlcatalog,AWS Control Catalog,DomainSummary,CommonControlSummary;ControlSummary,ListDomains,Arn;Name
controltower,AWS Control Tower,BaselineSummary,ControlOperationSummary;EnabledBaselineSummary,ListBaselines,
cost-optimization-hub,Cost Optimization Hub,Recommendation,AccountEnrollmentStatu;MixedInstanceConfiguration,ListRecommendations,accountId;recommendationId;resourceArn;resourceId
cur,AWS Cost and Usage Report Service,ReportDefinition,AdditionalArtifact;AdditionalSchemaElement,DescribeReportDefinitions,BillingViewArn;ReportName
customer-profiles,Amazon Connect Customer Profiles,ListIntegrationItem,ListIntegrationItem;EventStreamSummary,ListAccountIntegrations,DomainName;ObjectTypeName;RoleArn;WorkflowId
databrew,AWS Glue DataBrew,Dataset,Job;Project,ListDatasets,AccountId;Name;ResourceArn
dataexchange,AWS Data Exchange,AssetEntry,DataSetEntry;DataGrantSummaryEntry,ListRevisionAssets,Arn;DataSetId;Id;Name;RevisionId;SourceId
datapipeline,AWS Data Pipeline,PipelineDescription,id;warning,DescribePipelines,pipelineId
datasync,AWS DataSync,AgentListEntry,TaskListEntry;Agent,ListAgents,AgentArn;Name
datazone,Amazon DataZone,AccountInfo,DataSourceRunActivity;EnvironmentBlueprintConfigurationItem,ListAccountsInAccountPool,awsAccountId;awsAccountName
dax,Amazon DynamoDB Accelerator (DAX),Cluster,SubnetGroup;Event,DescribeClusters,ClusterArn;ClusterName;IamRoleArn
deadline,AWSDeadlineCloud,FarmSummary,MonitorSummary;QueueSummary,ListFarms,displayName;farmId;kmsKeyArn
detective,Amazon Detective,Administrator,InvestigationDetail;MemberDetail,ListOrganizationAdminAccounts,AccountId;GraphArn
devicefarm,AWS Device Farm,Device,RemoteAccessSession;DeviceInstance,ListDevices,fleetName;modelId
devops-guru,Amazon DevOps Guru,Event,EventResource;LogAnomalyClass,ListEvents,Id;Name
directconnect,AWS Direct Connect,Connection,Connection;Connection,DescribeConnections,awsLogicalDeviceId;connectionId;connectionName;lagId;partnerName;providerName
discovery,AWS Application Discovery Service,AgentInfo,ContinuousExportDescription;DeletionWarning,DescribeAgents,agentId;connectorId;hostName
dlm,Amazon Data Lifecycle Manager,Action,AvailabilityZone;CrossRegionCopyRule,GetLifecyclePolicy,Name
dms,AWS Database Migration Service,CollectorResponse,DataProviderDescriptor;DataProviderDescriptor,DescribeFleetAdvisorCollectors,CollectorName;CollectorReferencedId;S3BucketName;ServiceAccessRoleArn
docdb,Amazon DocumentDB with MongoDB compatibility,GlobalCluster,DBSubnetGroup;DBCluster,DescribeGlobalClusters,DatabaseName;GlobalClusterArn;GlobalClusterResourceId
docdb-elastic,Amazon DocumentDB Elastic Clusters,ClusterInList,ClusterSnapshotInList;ResourcePendingMaintenanceAction,ListClusters,clusterArn;clusterName
drs,Elastic Disaster Recovery Service,ReplicationConfigurationTemplate,SourceServer;RecoveryInstance,DescribeReplicationConfigurationTemplates,ebsEncryptionKeyArn;stagingAreaSubnetId
ds,AWS Directory Service,EventTopic,AssessmentSummary;CertificateInfo,DescribeEventTopics,DirectoryId;TopicArn;TopicName
ds-data,AWS Directory Service Data,UserSummary,GroupSummary;GroupSummary,ListUsers,GivenName;SAMAccountName
dsql,Amazon Aurora DSQL,cluster,cluster;ClusterSummary,CreateCluster,clusterName
dynamodb,Amazon DynamoDB,BackupSummary,GlobalSecondaryIndexDescription;LocalSecondaryIndexDescription,ListBackups,BackupArn;BackupName;TableArn;TableId;TableName
dynamodbstreams,Amazon DynamoDB Streams,Stream,KeySchemaElement;Shard,ListStreams,StreamArn;TableName
ebs,Amazon Elastic Block Store,Block,ChangedBlock,ListSnapshotBlocks,
ec2,Amazon Elastic Compute Cloud,Instance,AnalysisComponent;AnalysisComponent,DescribeInstances,CapacityBlockId;CapacityReservationId;ImageId;InstanceId;KernelId;KeyName;OutpostArn;PrivateDnsName;PublicDnsName;RamdiskId;RootDeviceName;SpotInstanceRequestId;SubnetId;VpcId
ecr,Amazon Elastic Container Registry,Repository,EnhancedImageScanFinding;ImageDetail,DescribeRepositories,registryId;repositoryArn;repositoryName
ecr-public,Amazon Elastic Container Registry Public,Repository,ImageDetail;Registry,DescribeRepositories,registryId;repositoryArn;repositoryName
ecs,Amazon EC2 Container Service,ContainerInstance,ContainerInstance;Cluster,DescribeContainerInstances,capacityProviderName;containerInstanceArn;ec2InstanceId
efs,Amazon Elastic File System,AccessPointDescription,FileSystemDescription;Destination,DescribeAccessPoints,AccessPointArn;AccessPointId;FileSystemId;Name;OwnerId
eks,Amazon Elastic Kubernetes Service,PodIdentityAssociationSummary,cluster;instanceType,ListPodIdentityAssociations,associationArn;associationId;clusterName;ownerArn
elasticache,Amazon ElastiCache,CacheCluster,Snapshot;User,DescribeCacheClusters,CacheClusterId;CacheSubnetGroupName;PreferredOutpostArn;ReplicationGroupId
elasticbeanstalk,AWS Elastic Beanstalk,EnvironmentDescription,EventDescription;EnvironmentDescription,DescribeEnvironments,ApplicationName;EnvironmentArn;EnvironmentId;EnvironmentName;PlatformArn;SolutionStackName;TemplateName
elastictranscoder,Amazon Elastic Transcoder,Pipeline,Preset;Job,ListPipelines,Arn;AwsKmsKeyArn;Id;Name
elb,Elastic Load Balancing,LoadBalancerDescription,Instance;InstanceState,DescribeLoadBalancers,CanonicalHostedZoneName;DNSName;LoadBalancerName;VPCId
elbv2,Elastic Load Balancing,LoadBalancer,LoadBalancer;TargetGroup,DescribeLoadBalancers,CanonicalHostedZoneId;DNSName;LoadBalancerArn;LoadBalancerName;VpcId
emr,Amazon EMR,ClusterSummary,SessionMappingSummary;Instance,ListClusters,ClusterArn;Id;Name;OutpostArn
emr-containers,Amazon EMR Containers,JobRun,VirtualCluster;Endpoint,ListJobRuns,executionRoleArn;virtualClusterId
emr-serverless,EMR Serverless,JobRunAttemptSummary,JobRunSummary;entryPointArgument,ListJobRunAttempts,applicationId
entityresolution,AWS EntityResolution,IdMappingWorkflowSummary,IdNamespaceSummary;MatchingWorkflowSummary,ListIdMappingWorkflows,workflowArn;workflowName
es,Amazon Elasticsearch Service,ElasticsearchDomainStatu,ReservedElasticsearchInstance;DomainInfo,DescribeElasticsearchDomains,DomainId;DomainName
events,Amazon EventBridge,ApiDestination,Archive;Connection,ListApiDestinations,ApiDestinationArn;ConnectionArn;Name
evidently,Amazon CloudWatch Evidently,EvaluationResult,ExperimentReport;ExperimentResultsData,BatchEvaluateFeature,entityId
evs,Amazon Elastic VMware Service,EnvironmentSummary,Host;Vlan,ListEnvironments,environmentArn;environmentId;environmentName
finspace,FinSpace User Environment Management service,KxCluster,KxUser;Environment,ListKxClusters,availabilityZoneId;clusterName
finspace-data,FinSpace Public API,User,UserByPermissionGroup;ChangesetSummary,ListUsers,apiAccessPrincipalArn;firstName;lastName;userId
firehose,Amazon Kinesis Firehose,DeliveryStream,DestinationTableConfiguration;DatabaseSnapshotInfo,ListDeliveryStreams,DeliveryStreamName
fis,AWS Fault Injection Simulator,ExperimentTargetAccountConfigurationSummary,TargetAccountConfigurationSummary;ExperimentSummary,ListExperimentTargetAccountConfigurations,accountId;roleArn
fms,Firewall Management Service,AppsListDataSummary,ProtocolsListDataSummary;DiscoveredResource,ListAppsLists,ListArn;ListId;ListName
forecast,Amazon Forecast Service,DatasetGroupSummary,DatasetImportJobSummary;DatasetSummary,ListDatasetGroups,DatasetGroupArn;DatasetGroupName
frauddetector,Amazon Fraud Detector,BatchImport,BatchPrediction;EventPredictionSummary,GetBatchImportJobs,eventTypeName;iamRoleArn;jobId
freetier,AWS Free Tier,ActivitySummary,,ListAccountActivities,activityId
fsx,Amazon FSx,FileCache,FileSystem;Snapshot,DescribeFileCaches,DNSName;FileCacheId;KmsKeyId;OwnerId;VpcId
gamelift,Amazon GameLift,GameServerInstance,Instance;Alia,DescribeGameServerInstances,GameServerGroupArn;GameServerGroupName;InstanceId
gameliftstreams,Amazon GameLift Streams,StreamGroupSummary,StreamSessionSummary;StreamSessionSummary,ListStreamGroups,Arn;Id
geo-places,Amazon Location Service Places V2,BusinessChain,BusinessChain;BusinessChain,GetPlace,Id;Name
geo-routes,Amazon Location Service Routes V2,RouteTollRate,BoundingBox;CarAccess,CalculateRoutes,Id;Name
glacier,Amazon Glacier,DescribeVaultOutput,GlacierJobDescription;ProvisionedCapacityDescription,ListVaults,VaultName
globalaccelerator,AWS Global Accelerator,Accelerator,Attachment;CrossAccountResource,ListAccelerators,AcceleratorArn;DnsName;DualStackDnsName;Name
glue,AWS Glue,Integration,BlueprintRun;Catalog,DescribeIntegrations,IntegrationArn;IntegrationName;KmsKeyId;SourceArn;TargetArn
grafana,Amazon Managed Grafana,admin,allowedOrganization;dataSource,DescribeWorkspaceAuthentication,adminName
greengrass,AWS Greengrass,DefinitionInformation,DefinitionInformation;DefinitionInformation,ListConnectorDefinitions,Arn;Id;LatestVersionArn;Name
greengrassv2,AWS IoT Greengrass V2,Deployment,EffectiveDeployment;AssociatedClientDevice,ListDeployments,deploymentId;deploymentName;parentTargetArn;revisionId;targetArn
groundstation,AWS Ground Station,ConfigListItem,ContactData;GroundStationData,ListConfigs,configArn;configId
guardduty,Amazon GuardDuty,S3BucketDetail,VolumeDetail;Container,GetFindings,Arn;Name
health,AWS Health APIs and Notifications,AffectedEntity,AffectedEntity;OrganizationAffectedEntitiesErrorItem,DescribeAffectedEntities,awsAccountId;entityArn;eventArn
healthlake,Amazon HealthLake,DatastoreProperty,ExportJobProperty;ImportJobProperty,ListFHIRDatastores,DatastoreArn;DatastoreId;DatastoreName
iam,AWS Identity and Access Management,InstanceProfile,InstanceProfile;Role,ListInstanceProfiles,Arn;InstanceProfileId;InstanceProfileName
identitystore,AWS SSO Identity Store,User,Group;External,ListUsers,DisplayName;IdentityStoreId;Name;NickName;UserId;UserName
imagebuilder,EC2 Image Builder,ImageScanFinding,LifecycleExecution;WorkflowStepExecution,ListImageScanFindings,awsAccountId;imageBuildVersionArn;imagePipelineArn
importexport,AWS Import/Export,Job,,ListJobs,JobId
inspector,Amazon Inspector,AssessmentRunAgent,NetworkInterface;SecurityGroup,ListAssessmentRunAgents,agentId;assessmentRunArn
inspector2,Inspector2,CisScanConfiguration,CisCheckAggregation;CisScan,ListCisScanConfigurations,ownerId;scanConfigurationArn;scanName
internetmonitor,Amazon CloudWatch Internet Monitor,HealthEvent,InternetEventSummary;Monitor,ListHealthEvents,EventArn;EventId
invoicing,AWS Invoicing,InvoiceUnit,InvoiceProfile;InvoiceSummary,ListInvoiceUnits,InvoiceUnitArn;Name
iot,AWS IoT,CommandSummary,DomainConfigurationSummary;StreamSummary,ListCommands,commandArn;commandId;displayName
iot-data,AWS IoT Data Plane,result,RetainedMessageSummary,ListNamedShadowsForThing,resultName
iot-jobs-data,AWS IoT Jobs Data Plane,JobExecutionSummary,JobExecutionSummary,GetPendingJobExecutions,jobId
iot-managed-integrations,Managed integrations for AWS IoT Device Management,AccountAssociationItem,CredentialLockerSummary;ManagedThingSummary,ListAccountAssociations,AccountAssociationId;Arn;ConnectorDestinationId;Name
iotanalytics,AWS IoT Analytics,ChannelSummary,DatasetAction;DatasetActionSummary,ListChannels,channelName
iotdeviceadvisor,AWS IoT Core Device Advisor,SuiteDefinitionInformation,SuiteRunInformation;GroupResult,ListSuiteDefinitions,suiteDefinitionId;suiteDefinitionName
iotevents,AWS IoT Events,AlarmModelVersionSummary,DetectorModelVersionSummary;InputSummary,ListAlarmModelVersions,alarmModelArn;alarmModelName;roleArn
iotevents-data,AWS IoT Events Data,AlarmSummary,DetectorSummary;Timer,ListAlarms,alarmModelName;stateName
iotfleethub,AWS IoT Fleet Hub,ApplicationSummary,,ListApplications,applicationId;applicationName
iotfleetwise,AWS IoT FleetWise,SignalDecoder,VehicleSummary;CreateVehicleResponseItem,ListDecoderManifestSignals,fullyQualifiedName;interfaceId
iotsecuretunneling,AWS IoT Secure Tunneling,TunnelSummary,service,ListTunnels,tunnelArn;tunnelId
iotsitewise,AWS IoT SiteWise,ActionDefinition,ActionDefinition;ActionDefinition,DescribeAssetCompositeModel,actionDefinitionId;actionName
iotthingsgraph,AWS IoT Things Graph,SystemInstanceSummary,Thing;FlowExecutionMessage,SearchSystemInstances,greengrassGroupId;greengrassGroupName;greengrassGroupVersionId
iottwinmaker,AWS IoT TwinMaker,ComponentSummary,ComponentTypeSummary;EntitySummary,ListComponents,componentName;componentTypeId
iotwireless,AWS IoT Wireless,DeviceProfile,FuotaTask;MulticastGroup,ListDeviceProfiles,Arn;Id;Name
ivs,Amazon Interactive Video Service,StreamSummary,StreamKeySummary;StreamSessionSummary,ListStreams,channelArn;streamId
ivs-realtime,Amazon Interactive Video Service RealTime,Event,IngestConfigurationSummary;ParticipantReplica,ListParticipantEvents,destinationSessionId;destinationStageArn;participantId;remoteParticipantId
ivschat,Amazon Interactive Video Service Chat,loggingConfigurationIdentifier,loggingConfigurationIdentifier;loggingConfigurationIdentifier,ListRooms,loggingConfigurationIdentifierName
kafka,Managed Streaming for Kafka,Cluster,ClusterInfo;ClusterOperationInfo,ListClustersV2,ActiveOperationArn;ClusterArn;ClusterName
kafkaconnect,Managed Streaming for Kafka Connect,ConnectorSummary,ConnectorOperationSummary;CustomPluginSummary,ListConnectors,connectorArn;connectorName;serviceExecutionRoleArn
kendra,AWSKendraFrontendService,DataSourceSummary,ExperiencesSummary;FaqSummary,ListDataSources,Id;Name
kendra-ranking,Amazon Kendra Intelligent Ranking,RescoreExecutionPlanSummary,RescoreResultItem,ListRescoreExecutionPlans,Id;Name
keyspaces,Amazon Keyspaces,TableSummary,KeyspaceSummary;directReferringTable,ListTables,keyspaceName;resourceArn;tableName
keyspacesstreams,Amazon Keyspaces Streams,Stream,Shard;parentShard,ListStreams,keyspaceName;streamArn;tableName
kinesis,Amazon Kinesis,Stream,StreamSummary;Consumer,ListStreams,StreamName
kinesis-video-archived-media,Amazon Kinesis Video Streams Archived Media,Fragment,,ListFragments,
kinesis-video-signaling,Amazon Kinesis Video Signaling Channels,Uri,,GetIceServerConfig,UriName
kinesisanalytics,Amazon Kinesis Analytics,OutputDescription,ReferenceDataSourceDescription;InAppStream,DescribeApplication,Name;OutputId
kinesisanalyticsv2,Amazon Kinesis Analytics,ApplicationSummary,OutputDescription;OutputDescription,ListApplications,ApplicationName;ApplicationVersionId
kinesisvideo,Amazon Kinesis Video Streams,StreamInfo,ChannelInfo;ListEdgeAgentConfigurationsEdgeConfig,ListStreams,DeviceName;KmsKeyId;StreamName
kms,AWS Key Management Service,AliasListEntry,CustomKeyStoresListEntry;GrantListEntry,ListAliases,AliasArn;AliasName;TargetKeyId
lakeformation,AWS Lake Formation,DataCellsFilter,AuthorizedTarget;Column,ListDataCellsFilter,DatabaseName;Name;TableCatalogId;TableName;VersionId
lambda,AWS Lambda,FunctionConfiguration,FunctionConfiguration;AliasConfiguration,ListFunctions,FunctionArn;FunctionName;KMSKeyArn;MasterArn;RevisionId;SigningJobArn;SigningProfileVersionArn
launch-wizard,AWS Launch Wizard,DeploymentDataSummary,WorkloadDataSummary;WorkloadDeploymentPatternDataSummary,ListDeployments,patternName;workloadName
lex-models,Amazon Lex Model Building Service,MigrationSummary,BotChannelAssociation;Intent,GetMigrations,migrationId;v1BotName;v2BotId
lex-runtime,Amazon Lex Runtime Service,IntentSummary,PredictedIntent,GetSession,intentName
lexv2-models,Amazon Lex Model Building V2,TestSetSummary,BotAliasSummary;BotLocaleSummary,ListTestSets,roleArn;testSetId;testSetName
license-manager,AWS License Manager,LicenseConfiguration,LicenseOperationFailure;Grant,ListLicenseConfigurations,LicenseConfigurationArn;LicenseConfigurationId;Name;OwnerAccountId
license-manager-linux-subscriptions,AWS License Manager Linux Subscriptions,Instance,ProductCode;RegisteredSubscriptionProvider,ListLinuxSubscriptionInstances,AmiId;SubscriptionName
license-manager-user-subscriptions,AWS License Manager User Subscriptions,InstanceUserSummary,DomainIpv4List;DomainIpv4List,ListUserAssociations,InstanceId;InstanceUserArn
lightsail,Amazon Lightsail,InstanceSnapshot,ContainerService;RelationalDatabaseSnapshot,GetInstanceSnapshots,fromBlueprintId;fromBundleId;fromInstanceArn;fromInstanceName
location,Amazon Location Service,AllowAction,AllowAction;AllowReferer,DescribeKey,AllowActionName
logs,Amazon CloudWatch Logs,AnomalyDetector,LogGroup;Anomaly,ListLogAnomalyDetectors,anomalyDetectorArn;detectorName;kmsKeyId
lookoutequipment,Amazon Lookout for Equipment,DataIngestionJobSummary,LabelSummary;DatasetSummary,ListDataIngestionJobs,DatasetArn;DatasetName;JobId
lookoutmetrics,Amazon Lookout for Metrics,AlertSummary,AnomalyDetectorSummary;AnomalyGroupSummary,ListAlerts,AlertArn;AlertName;AnomalyDetectorArn
lookoutvision,Amazon Lookout for Vision,DatasetEntry,ProjectMetadata;Anomaly,ListDatasetEntries,DatasetEntryName
m2,AWSMainframeModernization,ApplicationSummary,BatchJobExecutionSummary;EnvironmentSummary,ListApplications,applicationArn;applicationId;environmentId;roleArn
machinelearning,Amazon Machine Learning,BatchPrediction,DataSource;Evaluation,DescribeBatchPredictions,BatchPredictionDataSourceId;BatchPredictionId;MLModelId;Name
macie2,Amazon Macie 2,BucketMetadata,S3BucketDefinitionForJob;S3BucketDefinitionForJob,DescribeBuckets,accountId;bucketArn;bucketName
mailmanager,MailManager,AddonInstance,AddonSubscription;AddressList,ListAddonInstances,AddonInstanceArn;AddonInstanceId;AddonName;AddonSubscriptionId
managedblockchain,Amazon Managed Blockchain,MemberSummary,NetworkSummary;ProposalSummary,ListMembers,Arn;Id;Name
managedblockchain-query,Amazon Managed Blockchain Query,TransactionEvent,TransactionEvent;TransactionOutputItem,ListFilteredTransactionEvents,spentVoutTransactionId;tokenId;transactionId
marketplace-agreement,AWS Marketplace Agreement Service,AgreementViewSummary,Resource,SearchAgreements,agreementId
marketplace-catalog,AWS Marketplace Catalog Service,ChangeSetSummaryListItem,EntitySummary;BuyerAccount,ListChangeSets,ChangeSetArn;ChangeSetId;ChangeSetName
marketplace-entitlement,AWS Marketplace Entitlement Service,Entitlement,,GetEntitlements,CustomerAWSAccountId
marketplace-reporting,AWS Marketplace Reporting Service,embeddingDomain,,GetBuyerDashboard,embeddingDomainName
mediaconnect,AWS MediaConnect,VpcInterface,VpcInterface;VpcInterface,DescribeFlow,Name;RoleArn;SubnetId
mediaconvert,AWS Elemental MediaConvert,Queue,Job;JobTemplate,ListQueues,Arn;Name
medialive,AWS Elemental MediaLive,DescribeClusterSummary,ChannelSummary;CloudWatchAlarmTemplateGroupSummary,ListClusters,Arn;Id;InstanceRoleArn;Name
mediapackage,AWS Elemental MediaPackage,Channel,HarvestJob;HlsManifest,ListChannels,Arn;Id
mediapackage-vod,AWS Elemental MediaPackage VOD,PackagingGroup,AssetShallow;PackagingConfiguration,ListPackagingGroups,Arn;DomainName;Id
mediapackagev2,AWS Elemental MediaPackage v2,ChannelGroupListConfiguration,ChannelListConfiguration;HarvestJob,ListChannelGroups,Arn;ChannelGroupName
mediastore,AWS Elemental MediaStore,Container,AllowedHeader;AllowedMethod,ListContainers,Name
mediastore-data,AWS Elemental MediaStore Data Plane,Item,,ListItems,Name
mediatailor,AWS MediaTailor,PrefetchSchedule,Channel;LiveSource,ListPrefetchSchedules,Arn;Name;PlaybackConfigurationName;StreamId
medical-imaging,AWS Health Imaging,DICOMImportJobSummary,DatastoreSummary;ImageSetProperty,ListDICOMImportJobs,dataAccessRoleArn;datastoreId;jobId;jobName
memorydb,Amazon MemoryDB,Cluster,Cluster;Snapshot,DescribeClusters,ACLName;KmsKeyId;MultiRegionClusterName;Name;ParameterGroupName;SnsTopicArn;SubnetGroupName
meteringmarketplace,AWSMarketplace Metering,UsageRecord,UsageRecordResult,BatchMeterUsage,CustomerAWSAccountId
mgh,AWS Migration Hub,ProgressUpdateStreamSummary,ApplicationState;CreatedArtifact,ListProgressUpdateStreams,ProgressUpdateStreamName
mgn,Application Migration Service,ReplicationConfigurationTemplate,CPU;DataReplicationInfoReplicatedDisk,DescribeReplicationConfigurationTemplates,ebsEncryptionKeyArn;stagingAreaSubnetId
migration-hub-refactor-spaces,AWS Migration Hub Refactor Spaces,ApplicationSummary,EnvironmentSummary;ServiceSummary,ListApplications,ApplicationId;Arn;CreatedByAccountId;EnvironmentId;Name;OwnerAccountId;VpcId
migrationhub-config,AWS Migration Hub Config,HomeRegionControl,,DescribeHomeRegionControls,ControlId
migrationhuborchestrator,AWS Migration Hub Orchestrator,MigrationWorkflowSummary,PluginSummary;TemplateStepSummary,ListWorkflows,adsApplicationConfigurationName;templateId
migrationhubstrategy,Migration Hub Strategy Recommendations,Collector,AnalyzableServerSummary;AntipatternReportResult,ListCollectors,collectorId;hostName
mpa,AWS Multi-party Approval,ListSessionsResponseSession,ListApprovalTeamsResponseApprovalTeam;PolicyVersionSummary,ListSessions,ActionName;ApprovalTeamArn;ApprovalTeamName;ProtectedResourceArn;RequesterAccountId;RequesterPrincipalArn;SessionArn
mq,AmazonMQ,BrokerSummary,Configuration;AvailabilityZone,ListBrokers,BrokerArn;BrokerId;BrokerName
mturk,Amazon Mechanical Turk,QualificationType,ReviewActionDetail;ReviewActionDetail,ListQualificationTypes,Name;QualificationTypeId
mwaa,AmazonMWAA,Environment,SecurityGroup;Subnet,ListEnvironments,EnvironmentName
neptune,Amazon Neptune,DBCluster,DBInstance;DBSubnetGroup,DescribeDBClusters,CharacterSetName;CloneGroupId;DBClusterArn;DatabaseName;DbClusterResourceId;HostedZoneId;KmsKeyId
neptune-graph,Amazon Neptune Graph,ExportTaskSummary,ImportTaskSummary;GraphSnapshotSummary,ListExportTasks,graphId;roleArn;taskId
neptunedata,Amazon NeptuneData,GremlinQueryStatu,GremlinQueryStatu;id,ListGremlinQueries,queryId
network-firewall,AWS Network Firewall,FirewallMetadata,Action;AnalysisReport,ListFirewalls,FirewallArn;FirewallName;TransitGatewayAttachmentId
networkflowmonitor,Network Flow Monitor,TraversedComponent,MonitorSummary;ScopeSummary,GetQueryResultsMonitorTopContributors,componentArn;componentId;serviceName
networkmanager,AWS Network Manager,Attachment,ConnectPeerSummary;CoreNetworkSummary,ListAttachments,AttachmentId;CoreNetworkArn;CoreNetworkId;NetworkFunctionGroupName;OwnerAccountId;ResourceArn;SegmentName
networkmonitor,Amazon CloudWatch Network Monitor,MonitorSummary,Probe,ListMonitors,monitorArn;monitorName
notifications,AWS User Notifications,ManagedNotificationChildEventOverview,ManagedNotificationEventOverview;EventRuleStructure,ListManagedNotificationChildEvents,aggregateManagedNotificationEventArn;managedNotificationConfigurationArn;organizationalUnitId
notificationscontacts,AWS User Notifications Contacts,EmailContact,,ListEmailContacts,
oam,CloudWatch Observability Access Manager,ListSinksItem,ListLinksItem;ListAttachedLinksItem,ListSinks,Arn;Id;Name
observabilityadmin,CloudWatch Observability Admin Service,TelemetryRuleSummary,TelemetryRuleSummary;TelemetryConfiguration,ListTelemetryRules,RuleArn;RuleName
odb,odb,CloudAutonomousVmClusterSummary,CloudVmClusterSummary;CloudExadataInfrastructureSummary,ListCloudAutonomousVmClusters,cloudAutonomousVmClusterArn;cloudAutonomousVmClusterId;cloudExadataInfrastructureId;displayName;ociResourceAnchorName;odbNetworkId
omics,Amazon Omics,AnnotationStoreVersionItem,ShareDetail;AnnotationImportJobItem,ListAnnotationStoreVersions,storeId;versionArn;versionName
opensearch,Amazon OpenSearch Service,DomainMaintenanceDetail,DomainStatu;ReservedInstance,ListDomainMaintenances,DomainName;MaintenanceId;NodeId
opensearchserverless,OpenSearch Service Serverless,CollectionDetail,securityGroup;securityGroup,BatchGetCollection,kmsKeyArn
opsworks,AWS OpsWorks,EcsCluster,Instance;Layer,DescribeEcsClusters,EcsClusterArn;EcsClusterName;StackId
opsworkscm,AWS OpsWorks CM,Backup,Server;AccountAttribute,DescribeBackups,BackupArn;BackupId;InstanceProfileArn;ServerName;ServiceRoleArn;UserArn
organizations,AWS Organizations,Account,Account;Account,ListAccounts,Arn;Id;Name
osis,Amazon OpenSearch Ingestion,PipelineSummary,PipelineBlueprintSummary;PipelineDestination,ListPipelines,PipelineArn;PipelineName
outposts,AWS Outposts,Outpost,Site;AssetInstance,ListOutposts,AvailabilityZoneId;Name;OutpostArn;OutpostId;OwnerId;SiteArn;SiteId
panorama,AWS Panorama,ApplicationInstance,Node;PackageListItem,ListApplicationInstances,ApplicationInstanceId;Arn;DefaultRuntimeContextDeviceName;Name
partnercentral-selling,Partner Central Selling API,EngagementInvitationSummary,ResourceSnapshotSummary;SolutionBase,ListEngagementInvitations,Arn;EngagementId;Id;SenderAwsAccountId;SenderCompanyName
payment-cryptography,Payment Cryptography Control Plane,Alia,KeySummary,ListAliases,AliasName;KeyArn
pca-connector-ad,PcaConnectorAd,AccessControlEntrySummary,ConnectorSummary;DirectoryRegistrationSummary,ListTemplateGroupAccessControlEntries,GroupDisplayName;TemplateArn
pca-connector-scep,Private CA Connector for SCEP,ConnectorSummary,ChallengeMetadataSummary,ListConnectors,Arn;CertificateAuthorityArn
pcs,AWS Parallel Computing Service,QueueSummary,ComputeNodeGroupSummary;ComputeNodeGroupConfiguration,ListQueues,clusterId
personalize,Amazon Personalize,BatchInferenceJobSummary,BatchSegmentJobSummary;DataDeletionJobSummary,ListBatchInferenceJobs,batchInferenceJobArn;jobName;solutionVersionArn
personalize-runtime,Amazon Personalize Runtime,PredictedItem,PredictedItem;PredictedAction,GetPersonalizedRanking,itemId;promotionName
pi,AWS Performance Insights,AnalysisReportSummary,Partition;Insight,ListPerformanceAnalysisReports,AnalysisReportId
pinpoint,Amazon Pinpoint,ApplicationResponse,CampaignResponse;CampaignResponse,GetApps,Arn;Id;Name
pinpoint-email,Amazon Pinpoint Email Service,DeliverabilityTestReport,DomainDeliverabilityCampaign;ConfigurationSet,ListDeliverabilityTestReports,ReportId;ReportName
pinpoint-sms-voice,Amazon Pinpoint SMS and Voice Service,EventDestination,MatchingEventType,GetConfigurationSetEventDestinations,Name
pinpoint-sms-voice-v2,Amazon Pinpoint SMS Voice V2,ConfigurationSetInformation,PhoneNumberInformation;PoolInformation,DescribeConfigurationSets,ConfigurationSetArn;ConfigurationSetName;DefaultSenderId;ProtectConfigurationId
pipes,Amazon EventBridge Pipes,Pipe,AdditionalBootstrapServer;BatchEnvironmentVariable,ListPipes,Arn;Name
polly,Amazon Polly,SynthesisTask,Voice;AdditionalLanguageCode,ListSpeechSynthesisTasks,SnsTopicArn;TaskId;VoiceId
pricing,AWS Price List Service,Attribute,FileFormat;PriceList,DescribeServices,AttributeName
proton,AWS Proton,DeploymentSummary,EnvironmentAccountConnectionSummary;EnvironmentSummary,ListDeployments,componentName;environmentName;lastAttemptedDeploymentId;lastSucceededDeploymentId;serviceInstanceName;serviceName;targetArn
qapps,QApps,UserAppItem,LibraryItemMember;QAppSessionData,ListQApps,appArn;appId
qbusiness,QBusiness,ChatResponseConfiguration,DataAccessor;Application,ListChatResponseConfigurations,chatResponseConfigurationArn;chatResponseConfigurationId;displayName
qconnect,Amazon Q Connect,AIAgentSummary,AIGuardrailSummary;AIPromptSummary,ListAIAgents,aiAgentArn;aiAgentId;assistantArn;assistantId
qldb,Amazon QLDB,JournalKinesisStreamDescription,JournalS3ExportDescription;JournalS3ExportDescription,ListJournalKinesisStreamsForLedger,Arn;LedgerName;RoleArn;StreamId;StreamName
quicksight,Amazon QuickSight,TopicRefreshScheduleSummary,TopicSummary;User,ListTopicRefreshSchedules,DatasetArn;DatasetId;DatasetName
ram,AWS Resource Access Manager,ResourceShareInvitation,ResourceShare;ResourceShareAssociation,GetResourceShareInvitations,receiverAccountId;receiverArn;resourceShareArn;resourceShareInvitationArn;resourceShareName;senderAccountId
rbin,Amazon Recycle Bin,RuleSummary,,ListRules,RuleArn
rds,Amazon Relational Database Service,DBCluster,DBInstance;DBInstanceAutomatedBackup,DescribeDBClusters,ActivityStreamKinesisStreamName;ActivityStreamKmsKeyId;AwsBackupRecoveryPointArn;CharacterSetName;CloneGroupId;DBClusterArn;DBSystemId;DatabaseName;DbClusterResourceId;HostedZoneId;KmsKeyId;MonitoringRoleArn;PerformanceInsightsKMSKeyId
rds-data,AWS RDS DataService,booleanValue,booleanValue;booleanValue,BatchExecuteStatement,booleanValueName
redshift,Amazon Redshift,Cluster,Integration;Snapshot,DescribeClusters,ClusterNamespaceArn;ClusterSubnetGroupName;CustomDomainCertificateArn;CustomDomainName;DBName;DefaultIamRoleArn;KmsKeyId;MaintenanceTrackName;MasterPasswordSecretArn;MasterPasswordSecretKmsKeyId;VpcId
redshift-data,Redshift Data API Service,StatementData,Databa;QueryString,ListStatements,Id;SecretArn;SessionId;StatementName
redshift-serverless,Redshift Serverless,ManagedWorkgroupListItem,Namespace;RecoveryPoint,ListManagedWorkgroups,managedWorkgroupId;managedWorkgroupName;sourceArn
rekognition,Amazon Rekognition,MediaAnalysisJobDescription,ProjectPolicy;ProjectVersionDescription,ListMediaAnalysisJobs,JobId;JobName;KmsKeyId
repostspace,AWS re:Post Private,ChannelData,allowedDomain;SpaceData,ListChannels,channelId;channelName;spaceId
resiliencehub,AWS Resilience Hub,AlarmRecommendation,AppAssessmentSummary;AppInputSource,ListAlarmRecommendations,appComponentName;recommendationId;referenceId
resource-explorer-2,AWS Resource Explorer,MemberIndex,Resource;Resource,ListIndexesForMembers,AccountId;Arn
resource-groups,AWS Resource Groups,Group,GroupIdentifier;GroupingStatusesItem,ListGroups,DisplayName;GroupArn;Name
resourcegroupstaggingapi,AWS Resource Groups Tagging API,KeysWithNoncompliantValue,NoncompliantKey;Summary,GetResources,KeysWithNoncompliantValueName
robomaker,AWS RoboMaker,Robot,Robot;command,DescribeFleet,fleetArn;greenGrassGroupId
rolesanywhere,IAM Roles Anywhere,ProfileDetail,CrlDetail;SubjectSummary,ListProfiles,acceptRoleSessionName;profileArn;profileId
route53,Amazon Route 53,CollectionSummary,HostedZone;HostedZone,ListCidrCollections,Arn;Id;Name
route53-recovery-cluster,Route53 Recovery Cluster,RoutingControl,,ListRoutingControls,ControlPanelArn;ControlPanelName;RoutingControlArn;RoutingControlName
route53-recovery-control-config,AWS Route53 Recovery Control Config,Cluster,ControlPanel;RoutingControl,ListClusters,ClusterArn;Name
route53-recovery-readiness,AWS Route53 Recovery Readiness,CellOutput,ReadinessCheckOutput;RecoveryGroupOutput,ListCells,CellArn;CellName
route53domains,Amazon Route 53 Domains,OperationSummary,BillingRecord;DomainPrice,ListOperations,DomainName;OperationId
route53profiles,Route 53 Profiles,ProfileResourceAssociation,ProfileSummary;ProfileAssociation,ListProfileResourceAssociations,Id;Name;OwnerId;ProfileId;ResourceArn
route53resolver,Amazon Route 53 Resolver,FirewallRuleGroupAssociation,OutpostResolver;ResolverQueryLogConfig,ListFirewallRuleGroupAssociations,Arn;CreatorRequestId;FirewallRuleGroupId;Id;ManagedOwnerName;Name;VpcId
rum,CloudWatch RUM,AppMonitorSummary,MetricDefinition;MetricDefinition,ListAppMonitors,Id;Name
s3,Amazon Simple Storage Service,Bucket,Bucket;LambdaFunctionConfiguration,ListBuckets,BucketArn;Name
s3control,AWS S3 Control,AccessPoint,AccessPoint;ListAccessGrantsInstanceEntry,ListAccessPoints,AccessPointArn;BucketAccountId;DataSourceId;Name
s3outposts,Amazon S3 on Outposts,Outpost,Endpoint;Endpoint,ListOutpostsWithS3,OutpostArn;OutpostId;OwnerId;S3OutpostArn
s3tables,Amazon S3 Tables,TableBucketSummary,TableSummary;NamespaceSummary,ListTableBuckets,ownerAccountId;tableBucketId
s3vectors,Amazon S3 Vectors,VectorBucketSummary,IndexSummary;float32,ListVectorBuckets,vectorBucketArn;vectorBucketName
sagemaker,Amazon SageMaker Service,ClusterEventSummary,ClusterInstanceGroupDetail;ClusterSchedulerConfigSummary,ListClusterEvents,ClusterArn;ClusterName;EventId;InstanceGroupName;InstanceId
sagemaker-a2i-runtime,Amazon Augmented AI Runtime,HumanLoopSummary,,ListHumanLoops,FlowDefinitionArn;HumanLoopName
sagemaker-edge,Amazon Sagemaker Edge Manager,EdgeDeployment,,GetDeployments,DeploymentName
sagemaker-featurestore-runtime,Amazon SageMaker Feature Store Runtime,BatchGetRecordIdentifier,BatchGetRecordResultDetail;Feature,BatchGetRecord,FeatureGroupName
sagemaker-geospatial,Amazon SageMaker geospatial capabilities,ListEarthObservationJobOutputConfig,ListVectorEnrichmentJobOutputConfig;Filter,ListEarthObservationJobs,Arn;Name
sagemaker-metrics,Amazon SageMaker Metrics Service,MetricValue,XAxisValue,BatchGetMetrics,MetricValueName
savingsplans,AWS Savings Plans,SavingsPlan,SavingsPlanOffering;productType,DescribeSavingsPlans,offeringId;savingsPlanArn;savingsPlanId
scheduler,Amazon EventBridge Scheduler,ScheduleGroupSummary,ScheduleSummary;SageMakerPipelineParameter,ListScheduleGroups,Arn;Name
schemas,Schemas,DiscovererSummary,RegistrySummary;SchemaSummary,ListDiscoverers,DiscovererArn;DiscovererId;SourceArn
sdb,Amazon SimpleDB,Domain,Attribute;Attribute,ListDomains,DomainName
secretsmanager,AWS Secrets Manager,SecretListEntry,SecretValueEntry;KmsKey,ListSecrets,KmsKeyId;Name
security-ir,Security Incident Response,ListCasesItem,ListMembershipItem;CaseAttachmentAttribute,ListCases,caseArn;caseId
securityhub,AWS SecurityHub,AwsIamInstanceProfile,ConnectorSummary;AwsSecurityFinding,GetFindings,Arn;InstanceProfileId;InstanceProfileName
securitylake,Amazon Security Lake,SubscriberResource,DataLakeResource;accessType,ListSubscribers,resourceShareArn;resourceShareName;roleArn;s3BucketArn;subscriberArn;subscriberId;subscriberName
serverlessrepo,AWSServerlessApplicationRepository,ApplicationSummary,ApplicationDependencySummary;Label,ListApplications,ApplicationId;Name;SpdxLicenseId
service-quotas,Service Quotas,RequestedServiceQuotaChange,RequestedServiceQuotaChange;ServiceInfo,ListRequestedServiceQuotaChangeHistory,CaseId;Id;QuotaArn;QuotaName;ServiceName
servicecatalog,AWS Service Catalog,RecordDetail,ProvisionedProductAttribute;ProvisionedProductDetail,ListRecordHistory,LaunchRoleArn;PathId;ProductId;ProvisionedProductId;ProvisionedProductName;ProvisioningArtifactId;RecordId
servicecatalog-appregistry,AWS Service Catalog App Registry,attributeGroup,option;ResourcesListItem,ListAssociatedAttributeGroups,attributeGroupName
servicediscovery,AWS Cloud Map,NamespaceSummary,ServiceSummary;HttpInstanceSummary,ListNamespaces,Arn;Id;Name
ses,Amazon Simple Email Service,CloudWatchDimensionConfiguration,ConfigurationSet;CustomVerificationEmailTemplate,DescribeConfigurationSet,DimensionName
sesv2,Amazon Simple Email Service,TenantInfo,DeliverabilityTestReport;ResourceTenantMetadata,ListTenants,TenantArn;TenantId;TenantName
shield,AWS Shield,Protection,AttackSummary;ProtectionGroup,ListProtections,Id;Name;ProtectionArn;ResourceArn
signer,AWS Signer,SigningProfile,SigningJob;SigningPlatform,ListSigningProfiles,platformDisplayName;platformId;profileName;profileVersionArn
simspaceweaver,AWS SimSpace Weaver,Domain,LaunchCommand;SimulationMetadata,DescribeSimulation,Name
sms,AWS Server Migration Service,AppSummary,Connector;ReplicationJob,ListApps,appId;importedAppId;roleName
sms-voice,Amazon Pinpoint SMS and Voice Service,ConfigurationSet,EventDestination;MatchingEventType,ListConfigurationSets,ConfigurationSetName
snow-device-management,AWS Snow Device Management,DeviceSummary,SecurityGroupIdentifier;TaskSummary,ListDevices,managedDeviceArn;managedDeviceId
snowball,Amazon Import/Export Snowball,Address,Address;CompatibleImage,DescribeAddresses,AddressId;Name
sns,Amazon Simple Notification Service,Topic,NumberCapability;PlatformApplication,ListTopics,TopicArn
socialmessaging,AWS End User Messaging Social,LinkedWhatsAppBusinessAccountSummary,MetaLibraryTemplateDefinition;TemplateSummary,ListLinkedWhatsAppBusinessAccounts,wabaId;wabaName
sqs,Amazon Simple Queue Service,QueueUrl,queueUrl;ListMessageMoveTasksResultEntry,ListQueues,QueueUrlName
ssm,Amazon Simple Systems Manager (SSM),MaintenanceWindowTask,InstanceAssociationStatusInfo;InstanceInformation,DescribeMaintenanceWindowTasks,Name;ServiceRoleArn;TaskArn;WindowId;WindowTaskId
ssm-contacts,AWS Systems Manager Incident Manager Contacts,Rotation,Contact;ContactChannel,ListRotations,Name;RotationArn;TimeZoneId
ssm-guiconnect,AWS SSM-GUIConnect,S3Bucket,S3Bucket,GetConnectionRecordingPreferences,BucketName
ssm-incidents,AWS Systems Manager Incident Manager,EventSummary,EventReference;RelatedItem,ListTimelineEvents,eventId;incidentRecordArn
ssm-quicksetup,AWS Systems Manager QuickSetup,ConfigurationDefinition,ConfigurationManagerSummary;ConfigurationSummary,GetConfigurationManager,Id;LocalDeploymentAdministrationRoleArn;LocalDeploymentExecutionRoleName
ssm-sap,AWS Systems Manager for SAP,ApplicationSummary,ComponentSummary;DatabaseSummary,ListApplications,Arn;Id
sso,AWS Single Sign-On,RoleInfo,AccountInfo,ListAccountRoles,accountId;roleName
sso-admin,AWS Single Sign-On Admin,InstanceMetadata,AccountAssignment;AccountAssignmentForPrincipal,ListInstances,IdentityStoreId;InstanceArn;Name;OwnerAccountId
sso-oidc,AWS SSO OIDC,scope,,CreateTokenWithIAM,scopeName
stepfunctions,AWS Step Functions,ActivityListItem,ExecutionListItem;MapRunListItem,ListActivities,activityArn
storagegateway,AWS Storage Gateway,CachediSCSIVolume,GatewayInfo;NFSFileShareInfo,DescribeCachediSCSIVolumes,SourceSnapshotId;TargetName;VolumeId
supplychain,AWS Supply Chain,Instance,DataIntegrationFlowExecution;DataIntegrationEvent,ListInstances,awsAccountId;instanceId;instanceName;kmsKeyArn
support,AWS Support,AttachmentDetail,AttachmentDetail;CaseDetail,DescribeCases,attachmentId;fileName
support-app,AWS Support App,SlackChannelConfiguration,SlackWorkspaceConfiguration,ListSlackChannelConfigurations,channelId;channelName;channelRoleArn;teamId
swf,Amazon Simple Workflow Service,HistoryEvent,HistoryEvent;DomainInfo,GetWorkflowExecutionHistory,eventId
synthetics,Synthetics,Canary,GroupSummary;GroupSummary,DescribeCanaries,EngineArn;ExecutionRoleArn;Id;Name
taxsettings,Tax Settings,SupplementalTaxRegistration,AccountDetail;serviceTaxCode,ListSupplementalTaxRegistrations,authorityId;legalName;registrationId
textract,Amazon Textract,AdapterOverview,AdapterVersionOverview;FeatureType,ListAdapters,AdapterId;AdapterName
timestream-influxdb,Timestream InfluxDB,vpcSecurityGroup,vpcSecurityGroup;vpcSecurityGroup,CreateDbInstance,vpcSecurityGroupName
timestream-query,Amazon Timestream Query,ScheduledQuery,DimensionMapping;MixedMeasureMapping,ListScheduledQueries,Arn;Name
timestream-write,Amazon Timestream Write,Database,Table;BatchLoadTask,ListDatabases,Arn;DatabaseName;KmsKeyId
tnb,AWS Telco Network Builder,ListSolFunctionInstanceInfo,ListSolFunctionPackageInfo;ListSolNetworkInstanceInfo,ListSolFunctionInstances,nsInstanceId;vnfPkgId;vnfPkgName
transcribe,Amazon Transcribe Service,CallAnalyticsJobSummary,CategoryProperty;LanguageModel,ListCallAnalyticsJobs,CallAnalyticsJobName
transfer,AWS Transfer Family,ListedUser,ListedAgreement;ListedCertificate,ListUsers,Arn;UserName
translate,Amazon Translate,TextTranslationJobProperty,ParallelDataProperty;TerminologyProperty,ListTextTranslationJobs,DataAccessRoleArn;JobId;JobName
trustedadvisor,TrustedAdvisor Public API,AccountRecommendationLifecycleSummary,OrganizationRecommendationResourceSummary;RecommendationResourceSummary,ListOrganizationRecommendationAccounts,accountId;accountRecommendationArn
verifiedpermissions,Amazon Verified Permissions,ActionIdentifier,IdentitySourceItem;audience,ListPolicies,actionId
voice-id,Amazon Voice ID,DomainSummary,FraudsterRegistrationJobSummary;SpeakerEnrollmentJobSummary,ListDomains,Arn;DomainId;Name
vpc-lattice,Amazon VPC Lattice,ServiceNetworkResourceAssociationSummary,ServiceNetworkServiceAssociationSummary;ServiceNetworkVpcAssociationSummary,ListServiceNetworkResourceAssociations,resourceConfigurationArn;resourceConfigurationId;resourceConfigurationName;serviceNetworkArn;serviceNetworkId;serviceNetworkName
waf,AWS WAF,ByteMatchSetSummary,GeoMatchSetSummary;IPSetSummary,ListByteMatchSets,ByteMatchSetId;Name
waf-regional,AWS WAF Regional,ByteMatchSetSummary,GeoMatchSetSummary;IPSetSummary,ListByteMatchSets,ByteMatchSetId;Name
wafv2,AWS WAFV2,ManagedProductDescriptor,ManagedProductDescriptor;IPSetSummary,DescribeAllManagedProducts,ManagedRuleSetName;ProductId;SnsTopicArn;VendorName
wellarchitected,AWS Well-Architected Tool,CheckDetail,CheckSummary;ProfileNotificationSummary,ListCheckDetails,AccountId;ChoiceId;Id;LensArn;Name;PillarId;QuestionId
wisdom,Amazon Connect Wisdom Service,AssistantAssociationSummary,AssistantSummary;ContentSummary,ListAssistantAssociations,assistantArn;assistantAssociationArn;assistantAssociationId;assistantId
workdocs,Amazon WorkDocs,User,ResourcePathComponent;ResourcePathComponent,DescribeUsers,GivenName;Id;OrganizationId;RecycleBinFolderId;RootFolderId;TimeZoneId
workmail,Amazon WorkMail,ImpersonationRole,User;Group,ListImpersonationRoles,ImpersonationRoleId;Name
workspaces,Amazon WorkSpaces,WorkspacesPool,ConnectClientAddIn;WorkSpaceApplication,DescribeWorkspacesPools,BundleId;DirectoryId;PoolArn;PoolId;PoolName
workspaces-instances,Amazon Workspaces Instances,WorkspaceInstance,Region;InstanceTypeInfo,ListWorkspaceInstances,WorkspaceInstanceId
workspaces-thin-client,Amazon WorkSpaces Thin Client,EnvironmentSummary,DeviceSummary;daysOfTheWeek,ListEnvironments,desiredSoftwareSetId;desktopArn;pendingSoftwareSetId
workspaces-web,Amazon WorkSpaces Web,DataProtectionSettingsSummary,IdentityProviderSummary;IpAccessSettingsSummary,ListDataProtectionSettings,dataProtectionSettingsArn;displayName
xray,AWS X-Ray,FaultRootCauseService,InsightImpactGraphService;InsightSummary,GetTraceSummaries,AccountId;Name
