file_path,canonical_service_name
Architecture-Service-Icons_02072025/Arch_Quantum-Technologies/64/Arch_Amazon-Braket_64.svg,amazon braket
Architecture-Service-Icons_02072025/Arch_Quantum-Technologies/16/Arch_Amazon-Braket_16.svg,amazon braket
Architecture-Service-Icons_02072025/Arch_Quantum-Technologies/32/Arch_Amazon-Braket_32.svg,amazon braket
Architecture-Service-Icons_02072025/Arch_Quantum-Technologies/48/Arch_Amazon-Braket_48.svg,amazon braket
Architecture-Service-Icons_02072025/Arch_Management-Governance/64/Arch_AWS-Service-Management-Connector_64.svg,amazon connect
Architecture-Service-Icons_02072025/Arch_Management-Governance/64/Arch_AWS-Organizations_64.svg,aws organizations
Architecture-Service-Icons_02072025/Arch_Management-Governance/64/Arch_AWS-CloudFormation_64.svg,aws cloudformation
Architecture-Service-Icons_02072025/Arch_Management-Governance/64/Arch_AWS-CloudTrail_64.svg,aws cloudtrail
Architecture-Service-Icons_02072025/Arch_Management-Governance/64/Arch_AWS-Config_64.svg,aws config
Architecture-Service-Icons_02072025/Arch_Management-Governance/64/Arch_AWS-License-Manager_64.svg,aws license manager
Architecture-Service-Icons_02072025/Arch_Management-Governance/64/Arch_AWS-Trusted-Advisor_64.svg,aws trusted advisor
Architecture-Service-Icons_02072025/Arch_Management-Governance/64/Arch_Amazon-CloudWatch_64.svg,amazon cloudwatch
Architecture-Service-Icons_02072025/Arch_Management-Governance/64/Arch_AWS-AppConfig_64.svg,aws config
Architecture-Service-Icons_02072025/Arch_Management-Governance/64/Arch_AWS-Systems-Manager_64.svg,aws systems manager
Architecture-Service-Icons_02072025/Arch_Management-Governance/16/Arch_AWS-AppConfig_16.svg,aws config
Architecture-Service-Icons_02072025/Arch_Management-Governance/16/Arch_AWS-Service-Management-Connector_16.svg,amazon connect
Architecture-Service-Icons_02072025/Arch_Management-Governance/16/Arch_AWS-Config_16.svg,aws config
Architecture-Service-Icons_02072025/Arch_Management-Governance/16/Arch_AWS-License-Manager_16.svg,aws license manager
Architecture-Service-Icons_02072025/Arch_Management-Governance/16/Arch_AWS-CloudFormation_16.svg,aws cloudformation
Architecture-Service-Icons_02072025/Arch_Management-Governance/16/Arch_AWS-Trusted-Advisor_16.svg,aws trusted advisor
Architecture-Service-Icons_02072025/Arch_Management-Governance/16/Arch_AWS-Organizations_16.svg,aws organizations
Architecture-Service-Icons_02072025/Arch_Management-Governance/16/Arch_Amazon-CloudWatch_16.svg,amazon cloudwatch
Architecture-Service-Icons_02072025/Arch_Management-Governance/16/Arch_AWS-CloudTrail_16.svg,aws cloudtrail
Architecture-Service-Icons_02072025/Arch_Management-Governance/16/Arch_AWS-Systems-Manager_16.svg,aws systems manager
Architecture-Service-Icons_02072025/Arch_Management-Governance/32/Arch_Amazon-CloudWatch_32.svg,amazon cloudwatch
Architecture-Service-Icons_02072025/Arch_Management-Governance/32/Arch_AWS-Systems-Manager_32.svg,aws systems manager
Architecture-Service-Icons_02072025/Arch_Management-Governance/32/Arch_AWS-Organizations_32.svg,aws organizations
Architecture-Service-Icons_02072025/Arch_Management-Governance/32/Arch_AWS-CloudFormation_32.svg,aws cloudformation
Architecture-Service-Icons_02072025/Arch_Management-Governance/32/Arch_AWS-AppConfig_32.svg,aws config
Architecture-Service-Icons_02072025/Arch_Management-Governance/32/Arch_AWS-Config_32.svg,aws config
Architecture-Service-Icons_02072025/Arch_Management-Governance/32/Arch_AWS-CloudTrail_32.svg,aws cloudtrail
Architecture-Service-Icons_02072025/Arch_Management-Governance/32/Arch_AWS-Trusted-Advisor_32.svg,aws trusted advisor
Architecture-Service-Icons_02072025/Arch_Management-Governance/32/Arch_AWS-License-Manager_32.svg,aws license manager
Architecture-Service-Icons_02072025/Arch_Management-Governance/32/Arch_AWS-Service-Management-Connector_32.svg,amazon connect
Architecture-Service-Icons_02072025/Arch_Management-Governance/48/Arch_AWS-Service-Management-Connector_48.svg,amazon connect
Architecture-Service-Icons_02072025/Arch_Management-Governance/48/Arch_AWS-AppConfig_48.svg,aws config
Architecture-Service-Icons_02072025/Arch_Management-Governance/48/Arch_AWS-CloudTrail_48.svg,aws cloudtrail
Architecture-Service-Icons_02072025/Arch_Management-Governance/48/Arch_AWS-Systems-Manager_48.svg,aws systems manager
Architecture-Service-Icons_02072025/Arch_Management-Governance/48/Arch_AWS-License-Manager_48.svg,aws license manager
Architecture-Service-Icons_02072025/Arch_Management-Governance/48/Arch_AWS-CloudFormation_48.svg,aws cloudformation
Architecture-Service-Icons_02072025/Arch_Management-Governance/48/Arch_AWS-Organizations_48.svg,aws organizations
Architecture-Service-Icons_02072025/Arch_Management-Governance/48/Arch_AWS-Trusted-Advisor_48.svg,aws trusted advisor
Architecture-Service-Icons_02072025/Arch_Management-Governance/48/Arch_Amazon-CloudWatch_48.svg,amazon cloudwatch
Architecture-Service-Icons_02072025/Arch_Management-Governance/48/Arch_AWS-Config_48.svg,aws config
Architecture-Service-Icons_02072025/Arch_Robotics/64/Arch_AWS-RoboMaker_64.svg,aws robomaker
Architecture-Service-Icons_02072025/Arch_Robotics/16/Arch_AWS-RoboMaker_16.svg,aws robomaker
Architecture-Service-Icons_02072025/Arch_Robotics/32/Arch_AWS-RoboMaker_32.svg,aws robomaker
Architecture-Service-Icons_02072025/Arch_Robotics/48/Arch_AWS-RoboMaker_48.svg,aws robomaker
Architecture-Service-Icons_02072025/Arch_Business-Applications/64/Arch_Amazon-WorkDocs-SDK_64.svg,amazon workdocs
Architecture-Service-Icons_02072025/Arch_Business-Applications/64/Arch_Amazon-Chime-SDK_64.svg,amazon chime
Architecture-Service-Icons_02072025/Arch_Business-Applications/64/Arch_Amazon-Chime_64.svg,amazon chime
Architecture-Service-Icons_02072025/Arch_Business-Applications/64/Arch_Amazon-Connect_64.svg,amazon connect
Architecture-Service-Icons_02072025/Arch_Business-Applications/64/Arch_Amazon-WorkDocs_64.svg,amazon workdocs
Architecture-Service-Icons_02072025/Arch_Business-Applications/16/Arch_Amazon-Chime_16.svg,amazon chime
Architecture-Service-Icons_02072025/Arch_Business-Applications/16/Arch_Amazon-Connect_16.svg,amazon connect
Architecture-Service-Icons_02072025/Arch_Business-Applications/16/Arch_Amazon-WorkDocs-SDK_16.svg,amazon workdocs
Architecture-Service-Icons_02072025/Arch_Business-Applications/16/Arch_Amazon-Chime-SDK_16.svg,amazon chime
Architecture-Service-Icons_02072025/Arch_Business-Applications/16/Arch_Amazon-WorkDocs_16.svg,amazon workdocs
Architecture-Service-Icons_02072025/Arch_Business-Applications/32/Arch_Amazon-Connect_32.svg,amazon connect
Architecture-Service-Icons_02072025/Arch_Business-Applications/32/Arch_Amazon-WorkDocs_32.svg,amazon workdocs
Architecture-Service-Icons_02072025/Arch_Business-Applications/32/Arch_Amazon-WorkDocs-SDK_32.svg,amazon workdocs
Architecture-Service-Icons_02072025/Arch_Business-Applications/32/Arch_Amazon-Chime_32.svg,amazon chime
Architecture-Service-Icons_02072025/Arch_Business-Applications/32/Arch_Amazon-Chime-SDK_32.svg,amazon chime
Architecture-Service-Icons_02072025/Arch_Business-Applications/48/Arch_Amazon-Chime-SDK_48.svg,amazon chime
Architecture-Service-Icons_02072025/Arch_Business-Applications/48/Arch_Amazon-Connect_48.svg,amazon connect
Architecture-Service-Icons_02072025/Arch_Business-Applications/48/Arch_Amazon-WorkDocs-SDK_48.svg,amazon workdocs
Architecture-Service-Icons_02072025/Arch_Business-Applications/48/Arch_Amazon-Chime_48.svg,amazon chime
Architecture-Service-Icons_02072025/Arch_Business-Applications/48/Arch_Amazon-WorkDocs_48.svg,amazon workdocs
Architecture-Service-Icons_02072025/Arch_App-Integration/64/Arch_Amazon-MQ_64.svg,amazon mq
Architecture-Service-Icons_02072025/Arch_App-Integration/64/Arch_Amazon-EventBridge_64.svg,amazon eventbridge
Architecture-Service-Icons_02072025/Arch_App-Integration/16/Arch_Amazon-MQ_16.svg,amazon mq
Architecture-Service-Icons_02072025/Arch_App-Integration/16/Arch_Amazon-EventBridge_16.svg,amazon eventbridge
Architecture-Service-Icons_02072025/Arch_App-Integration/32/Arch_Amazon-MQ_32.svg,amazon mq
Architecture-Service-Icons_02072025/Arch_App-Integration/32/Arch_Amazon-EventBridge_32.svg,amazon eventbridge
Architecture-Service-Icons_02072025/Arch_App-Integration/48/Arch_Amazon-EventBridge_48.svg,amazon eventbridge
Architecture-Service-Icons_02072025/Arch_App-Integration/48/Arch_Amazon-MQ_48.svg,amazon mq
Architecture-Service-Icons_02072025/Arch_Networking-Content-Delivery/64/Arch_Amazon-API-Gateway_64.svg,amazon api gateway
Architecture-Service-Icons_02072025/Arch_Networking-Content-Delivery/64/Arch_AWS-Transit-Gateway_64.svg,aws transit gateway
Architecture-Service-Icons_02072025/Arch_Networking-Content-Delivery/64/Arch_Amazon-VPC-Lattice_64.svg,amazon vpc
Architecture-Service-Icons_02072025/Arch_Networking-Content-Delivery/64/Arch_AWS-Direct-Connect_64.svg,aws direct connect
Architecture-Service-Icons_02072025/Arch_Networking-Content-Delivery/64/Arch_Elastic-Load-Balancing_64.svg,elastic load balancing
Architecture-Service-Icons_02072025/Arch_Networking-Content-Delivery/64/Arch_AWS-Cloud-Map_64.svg,aws cloud map
Architecture-Service-Icons_02072025/Arch_Networking-Content-Delivery/64/Arch_Amazon-Route-53_64.svg,amazon route 53
Architecture-Service-Icons_02072025/Arch_Networking-Content-Delivery/64/Arch_AWS-App-Mesh_64.svg,aws app mesh
Architecture-Service-Icons_02072025/Arch_Networking-Content-Delivery/16/Arch_AWS-Transit-Gateway_16.svg,aws transit gateway
Architecture-Service-Icons_02072025/Arch_Networking-Content-Delivery/16/Arch_Amazon-Route-53_16.svg,amazon route 53
Architecture-Service-Icons_02072025/Arch_Networking-Content-Delivery/16/Arch_Elastic-Load-Balancing_16.svg,elastic load balancing
Architecture-Service-Icons_02072025/Arch_Networking-Content-Delivery/16/Arch_AWS-App-Mesh_16.svg,aws app mesh
Architecture-Service-Icons_02072025/Arch_Networking-Content-Delivery/16/Arch_Amazon-API-Gateway_16.svg,amazon api gateway
Architecture-Service-Icons_02072025/Arch_Networking-Content-Delivery/16/Arch_AWS-Direct-Connect_16.svg,aws direct connect
Architecture-Service-Icons_02072025/Arch_Networking-Content-Delivery/16/Arch_Amazon-VPC-Lattice_16.svg,amazon vpc
Architecture-Service-Icons_02072025/Arch_Networking-Content-Delivery/16/Arch_AWS-Cloud-Map_16.svg,aws cloud map
Architecture-Service-Icons_02072025/Arch_Networking-Content-Delivery/32/Arch_Amazon-Route-53_32.svg,amazon route 53
Architecture-Service-Icons_02072025/Arch_Networking-Content-Delivery/32/Arch_AWS-Transit-Gateway_32.svg,aws transit gateway
Architecture-Service-Icons_02072025/Arch_Networking-Content-Delivery/32/Arch_AWS-App-Mesh_32.svg,aws app mesh
Architecture-Service-Icons_02072025/Arch_Networking-Content-Delivery/32/Arch_Amazon-VPC-Lattice_32.svg,amazon vpc
Architecture-Service-Icons_02072025/Arch_Networking-Content-Delivery/32/Arch_AWS-Direct-Connect_32.svg,aws direct connect
Architecture-Service-Icons_02072025/Arch_Networking-Content-Delivery/32/Arch_Elastic-Load-Balancing_32.svg,elastic load balancing
Architecture-Service-Icons_02072025/Arch_Networking-Content-Delivery/32/Arch_AWS-Cloud-Map_32.svg,aws cloud map
Architecture-Service-Icons_02072025/Arch_Networking-Content-Delivery/32/Arch_Amazon-API-Gateway_32.svg,amazon api gateway
Architecture-Service-Icons_02072025/Arch_Networking-Content-Delivery/48/Arch_AWS-Transit-Gateway_48.svg,aws transit gateway
Architecture-Service-Icons_02072025/Arch_Networking-Content-Delivery/48/Arch_AWS-App-Mesh_48.svg,aws app mesh
Architecture-Service-Icons_02072025/Arch_Networking-Content-Delivery/48/Arch_AWS-Cloud-Map_48.svg,aws cloud map
Architecture-Service-Icons_02072025/Arch_Networking-Content-Delivery/48/Arch_Amazon-VPC-Lattice_48.svg,amazon vpc
Architecture-Service-Icons_02072025/Arch_Networking-Content-Delivery/48/Arch_Amazon-API-Gateway_48.svg,amazon api gateway
Architecture-Service-Icons_02072025/Arch_Networking-Content-Delivery/48/Arch_AWS-Direct-Connect_48.svg,aws direct connect
Architecture-Service-Icons_02072025/Arch_Networking-Content-Delivery/48/Arch_Amazon-Route-53_48.svg,amazon route 53
Architecture-Service-Icons_02072025/Arch_Networking-Content-Delivery/48/Arch_Elastic-Load-Balancing_48.svg,elastic load balancing
Architecture-Service-Icons_02072025/Arch_Containers/64/Arch_Amazon-ECS-Anywhere_64.svg,amazon ecs
Architecture-Service-Icons_02072025/Arch_Containers/64/Arch_Amazon-EKS-Cloud_64.svg,amazon eks
Architecture-Service-Icons_02072025/Arch_Containers/64/Arch_Amazon-EKS-Anywhere_64.svg,amazon eks
Architecture-Service-Icons_02072025/Arch_Containers/64/Arch_Amazon-EKS-Distro_64.svg,amazon eks
Architecture-Service-Icons_02072025/Arch_Containers/16/Arch_Amazon-EKS-Cloud_16.svg,amazon eks
Architecture-Service-Icons_02072025/Arch_Containers/16/Arch_Amazon-EKS-Anywhere_16.svg,amazon eks
Architecture-Service-Icons_02072025/Arch_Containers/16/Arch_Amazon-ECS-Anywhere_16.svg,amazon ecs
Architecture-Service-Icons_02072025/Arch_Containers/16/Arch_Amazon-EKS-Distro_16.svg,amazon eks
Architecture-Service-Icons_02072025/Arch_Containers/32/Arch_Amazon-ECS-Anywhere_32.svg,amazon ecs
Architecture-Service-Icons_02072025/Arch_Containers/32/Arch_Amazon-EKS-Cloud_32.svg,amazon eks
Architecture-Service-Icons_02072025/Arch_Containers/32/Arch_Amazon-EKS-Distro_32.svg,amazon eks
Architecture-Service-Icons_02072025/Arch_Containers/32/Arch_Amazon-EKS-Anywhere_32.svg,amazon eks
Architecture-Service-Icons_02072025/Arch_Containers/48/Arch_Amazon-EKS-Cloud_48.svg,amazon eks
Architecture-Service-Icons_02072025/Arch_Containers/48/Arch_Amazon-EKS-Anywhere_48.svg,amazon eks
Architecture-Service-Icons_02072025/Arch_Containers/48/Arch_Amazon-ECS-Anywhere_48.svg,amazon ecs
Architecture-Service-Icons_02072025/Arch_Containers/48/Arch_Amazon-EKS-Distro_48.svg,amazon eks
Architecture-Service-Icons_02072025/Arch_Security-Identity-Compliance/64/Arch_AWS-WAF_64.svg,aws waf
Architecture-Service-Icons_02072025/Arch_Security-Identity-Compliance/64/Arch_AWS-Security-Hub_64.svg,aws security hub
Architecture-Service-Icons_02072025/Arch_Security-Identity-Compliance/64/Arch_AWS-Shield_64.svg,aws shield
Architecture-Service-Icons_02072025/Arch_Security-Identity-Compliance/16/Arch_AWS-WAF_16.svg,aws waf
Architecture-Service-Icons_02072025/Arch_Security-Identity-Compliance/16/Arch_AWS-Shield_16.svg,aws shield
Architecture-Service-Icons_02072025/Arch_Security-Identity-Compliance/16/Arch_AWS-Security-Hub_16.svg,aws security hub
Architecture-Service-Icons_02072025/Arch_Security-Identity-Compliance/32/Arch_AWS-Security-Hub_32.svg,aws security hub
Architecture-Service-Icons_02072025/Arch_Security-Identity-Compliance/32/Arch_AWS-WAF_32.svg,aws waf
Architecture-Service-Icons_02072025/Arch_Security-Identity-Compliance/32/Arch_AWS-Shield_32.svg,aws shield
Architecture-Service-Icons_02072025/Arch_Security-Identity-Compliance/48/Arch_AWS-Shield_48.svg,aws shield
Architecture-Service-Icons_02072025/Arch_Security-Identity-Compliance/48/Arch_AWS-Security-Hub_48.svg,aws security hub
Architecture-Service-Icons_02072025/Arch_Security-Identity-Compliance/48/Arch_AWS-WAF_48.svg,aws waf
Architecture-Service-Icons_02072025/Arch_Artificial-Intelligence/64/Arch_Amazon-Comprehend_64.svg,amazon comprehend
Architecture-Service-Icons_02072025/Arch_Artificial-Intelligence/64/Arch_Amazon-Comprehend-Medical_64.svg,amazon comprehend
Architecture-Service-Icons_02072025/Arch_Artificial-Intelligence/64/Arch_Amazon-SageMaker-AI_64.svg,amazon sagemaker
Architecture-Service-Icons_02072025/Arch_Artificial-Intelligence/64/Arch_Amazon-SageMaker-Ground-Truth_64.svg,amazon sagemaker
Architecture-Service-Icons_02072025/Arch_Artificial-Intelligence/64/Arch_Amazon-Textract_64.svg,amazon textract
Architecture-Service-Icons_02072025/Arch_Artificial-Intelligence/64/Arch_Amazon-Rekognition_64.svg,amazon rekognition
Architecture-Service-Icons_02072025/Arch_Artificial-Intelligence/64/Arch_Amazon-SageMaker-Studio-Lab_64.svg,amazon sagemaker
Architecture-Service-Icons_02072025/Arch_Artificial-Intelligence/16/Arch_Amazon-Comprehend_16.svg,amazon comprehend
Architecture-Service-Icons_02072025/Arch_Artificial-Intelligence/16/Arch_Amazon-Textract_16.svg,amazon textract
Architecture-Service-Icons_02072025/Arch_Artificial-Intelligence/16/Arch_Amazon-SageMaker-Studio-Lab_16.svg,amazon sagemaker
Architecture-Service-Icons_02072025/Arch_Artificial-Intelligence/16/Arch_Amazon-Comprehend-Medical_16.svg,amazon comprehend
Architecture-Service-Icons_02072025/Arch_Artificial-Intelligence/16/Arch_Amazon-SageMaker-Ground-Truth_16.svg,amazon sagemaker
Architecture-Service-Icons_02072025/Arch_Artificial-Intelligence/16/Arch_Amazon-SageMaker-AI_16.svg,amazon sagemaker
Architecture-Service-Icons_02072025/Arch_Artificial-Intelligence/16/Arch_Amazon-Rekognition_16.svg,amazon rekognition
Architecture-Service-Icons_02072025/Arch_Artificial-Intelligence/32/Arch_Amazon-Comprehend-Medical_32.svg,amazon comprehend
Architecture-Service-Icons_02072025/Arch_Artificial-Intelligence/32/Arch_Amazon-Textract_32.svg,amazon textract
Architecture-Service-Icons_02072025/Arch_Artificial-Intelligence/32/Arch_Amazon-SageMaker-Studio-Lab_32.svg,amazon sagemaker
Architecture-Service-Icons_02072025/Arch_Artificial-Intelligence/32/Arch_Amazon-Comprehend_32.svg,amazon comprehend
Architecture-Service-Icons_02072025/Arch_Artificial-Intelligence/32/Arch_Amazon-Rekognition_32.svg,amazon rekognition
Architecture-Service-Icons_02072025/Arch_Artificial-Intelligence/32/Arch_Amazon-SageMaker-AI_32.svg,amazon sagemaker
Architecture-Service-Icons_02072025/Arch_Artificial-Intelligence/32/Arch_Amazon-SageMaker-Ground-Truth_32.svg,amazon sagemaker
Architecture-Service-Icons_02072025/Arch_Artificial-Intelligence/48/Arch_Amazon-SageMaker-AI_48.svg,amazon sagemaker
Architecture-Service-Icons_02072025/Arch_Artificial-Intelligence/48/Arch_Amazon-Comprehend_48.svg,amazon comprehend
Architecture-Service-Icons_02072025/Arch_Artificial-Intelligence/48/Arch_Amazon-Textract_48.svg,amazon textract
Architecture-Service-Icons_02072025/Arch_Artificial-Intelligence/48/Arch_Amazon-Comprehend-Medical_48.svg,amazon comprehend
Architecture-Service-Icons_02072025/Arch_Artificial-Intelligence/48/Arch_Amazon-Rekognition_48.svg,amazon rekognition
Architecture-Service-Icons_02072025/Arch_Artificial-Intelligence/48/Arch_Amazon-SageMaker-Ground-Truth_48.svg,amazon sagemaker
Architecture-Service-Icons_02072025/Arch_Artificial-Intelligence/48/Arch_Amazon-SageMaker-Studio-Lab_48.svg,amazon sagemaker
Architecture-Service-Icons_02072025/Arch_Compute/64/Arch_AWS-Elastic-Beanstalk_64.svg,aws elastic beanstalk
Architecture-Service-Icons_02072025/Arch_Compute/64/Arch_Amazon-EC2_64.svg,amazon ec2
Architecture-Service-Icons_02072025/Arch_Compute/64/Arch_AWS-Batch_64.svg,aws batch
Architecture-Service-Icons_02072025/Arch_Compute/64/Arch_Amazon-EC2-Image-Builder_64.svg,amazon ec2
Architecture-Service-Icons_02072025/Arch_Compute/64/Arch_AWS-Lambda_64.svg,aws lambda
Architecture-Service-Icons_02072025/Arch_Compute/64/Arch_Amazon-Lightsail-for-Research_64.svg,amazon lightsail
Architecture-Service-Icons_02072025/Arch_Compute/64/Arch_Amazon-EC2-Auto-Scaling_64.svg,amazon ec2
Architecture-Service-Icons_02072025/Arch_Compute/64/Arch_Amazon-Lightsail_64.svg,amazon lightsail
Architecture-Service-Icons_02072025/Arch_Compute/16/Arch_Amazon-EC2_16.svg,amazon ec2
Architecture-Service-Icons_02072025/Arch_Compute/16/Arch_Amazon-EC2-Auto-Scaling_16.svg,amazon ec2
Architecture-Service-Icons_02072025/Arch_Compute/16/Arch_Amazon-Lightsail-for-Research_16.svg,amazon lightsail
Architecture-Service-Icons_02072025/Arch_Compute/16/Arch_AWS-Elastic-Beanstalk_16.svg,aws elastic beanstalk
Architecture-Service-Icons_02072025/Arch_Compute/16/Arch_Amazon-Lightsail_16.svg,amazon lightsail
Architecture-Service-Icons_02072025/Arch_Compute/16/Arch_AWS-Lambda_16.svg,aws lambda
Architecture-Service-Icons_02072025/Arch_Compute/16/Arch_AWS-Batch_16.svg,aws batch
Architecture-Service-Icons_02072025/Arch_Compute/16/Arch_Amazon-EC2-Image-Builder_16.svg,amazon ec2
Architecture-Service-Icons_02072025/Arch_Compute/32/Arch_Amazon-EC2-Auto-Scaling_32.svg,amazon ec2
Architecture-Service-Icons_02072025/Arch_Compute/32/Arch_Amazon-EC2-Image-Builder_32.svg,amazon ec2
Architecture-Service-Icons_02072025/Arch_Compute/32/Arch_Amazon-Lightsail_32.svg,amazon lightsail
Architecture-Service-Icons_02072025/Arch_Compute/32/Arch_Amazon-EC2_32.svg,amazon ec2
Architecture-Service-Icons_02072025/Arch_Compute/32/Arch_AWS-Lambda_32.svg,aws lambda
Architecture-Service-Icons_02072025/Arch_Compute/32/Arch_AWS-Elastic-Beanstalk_32.svg,aws elastic beanstalk
Architecture-Service-Icons_02072025/Arch_Compute/32/Arch_AWS-Batch_32.svg,aws batch
Architecture-Service-Icons_02072025/Arch_Compute/32/Arch_Amazon-Lightsail-for-Research_32.svg,amazon lightsail
Architecture-Service-Icons_02072025/Arch_Compute/48/Arch_Amazon-EC2-Auto-Scaling_48.svg,amazon ec2
Architecture-Service-Icons_02072025/Arch_Compute/48/Arch_Amazon-EC2_48.svg,amazon ec2
Architecture-Service-Icons_02072025/Arch_Compute/48/Arch_Amazon-Lightsail-for-Research_48.svg,amazon lightsail
Architecture-Service-Icons_02072025/Arch_Compute/48/Arch_Amazon-EC2-Image-Builder_48.svg,amazon ec2
Architecture-Service-Icons_02072025/Arch_Compute/48/Arch_AWS-Batch_48.svg,aws batch
Architecture-Service-Icons_02072025/Arch_Compute/48/Arch_AWS-Lambda_48.svg,aws lambda
Architecture-Service-Icons_02072025/Arch_Compute/48/Arch_AWS-Elastic-Beanstalk_48.svg,aws elastic beanstalk
Architecture-Service-Icons_02072025/Arch_Compute/48/Arch_Amazon-Lightsail_48.svg,amazon lightsail
Architecture-Service-Icons_02072025/Arch_Analytics/64/Arch_Amazon-Redshift_64.svg,amazon redshift
Architecture-Service-Icons_02072025/Arch_Analytics/64/Arch_Amazon-EMR_64.svg,amazon emr
Architecture-Service-Icons_02072025/Arch_Analytics/64/Arch_Amazon-QuickSight_64.svg,amazon quicksight
Architecture-Service-Icons_02072025/Arch_Analytics/64/Arch_Amazon-Athena_64.svg,amazon athena
Architecture-Service-Icons_02072025/Arch_Analytics/64/Arch_AWS-Glue_64.svg,aws glue
Architecture-Service-Icons_02072025/Arch_Analytics/64/Arch_AWS-Glue-DataBrew_64.svg,aws glue
Architecture-Service-Icons_02072025/Arch_Analytics/64/Arch_Amazon-SageMaker_64.svg,amazon sagemaker
Architecture-Service-Icons_02072025/Arch_Analytics/64/Arch_AWS-Lake-Formation_64.svg,aws lake formation
Architecture-Service-Icons_02072025/Arch_Analytics/64/Arch_Amazon-OpenSearch-Service_64.svg,amazon opensearch service
Architecture-Service-Icons_02072025/Arch_Analytics/16/Arch_Amazon-EMR_16.svg,amazon emr
Architecture-Service-Icons_02072025/Arch_Analytics/16/Arch_AWS-Lake-Formation_16.svg,aws lake formation
Architecture-Service-Icons_02072025/Arch_Analytics/16/Arch_AWS-Glue-DataBrew_16.svg,aws glue
Architecture-Service-Icons_02072025/Arch_Analytics/16/Arch_Amazon-Athena_16.svg,amazon athena
Architecture-Service-Icons_02072025/Arch_Analytics/16/Arch_Amazon-QuickSight_16.svg,amazon quicksight
Architecture-Service-Icons_02072025/Arch_Analytics/16/Arch_Amazon-SageMaker_16.svg,amazon sagemaker
Architecture-Service-Icons_02072025/Arch_Analytics/16/Arch_Amazon-Redshift_16.svg,amazon redshift
Architecture-Service-Icons_02072025/Arch_Analytics/16/Arch_Amazon-OpenSearch-Service_16.svg,amazon opensearch service
Architecture-Service-Icons_02072025/Arch_Analytics/16/Arch_AWS-Glue_16.svg,aws glue
Architecture-Service-Icons_02072025/Arch_Analytics/32/Arch_AWS-Glue-DataBrew_32.svg,aws glue
Architecture-Service-Icons_02072025/Arch_Analytics/32/Arch_Amazon-QuickSight_32.svg,amazon quicksight
Architecture-Service-Icons_02072025/Arch_Analytics/32/Arch_Amazon-Redshift_32.svg,amazon redshift
Architecture-Service-Icons_02072025/Arch_Analytics/32/Arch_Amazon-EMR_32.svg,amazon emr
Architecture-Service-Icons_02072025/Arch_Analytics/32/Arch_Amazon-OpenSearch-Service_32.svg,amazon opensearch service
Architecture-Service-Icons_02072025/Arch_Analytics/32/Arch_AWS-Lake-Formation_32.svg,aws lake formation
Architecture-Service-Icons_02072025/Arch_Analytics/32/Arch_AWS-Glue_32.svg,aws glue
Architecture-Service-Icons_02072025/Arch_Analytics/32/Arch_Amazon-SageMaker_32.svg,amazon sagemaker
Architecture-Service-Icons_02072025/Arch_Analytics/32/Arch_Amazon-Athena_32.svg,amazon athena
Architecture-Service-Icons_02072025/Arch_Analytics/48/Arch_Amazon-Athena_48.svg,amazon athena
Architecture-Service-Icons_02072025/Arch_Analytics/48/Arch_Amazon-QuickSight_48.svg,amazon quicksight
Architecture-Service-Icons_02072025/Arch_Analytics/48/Arch_Amazon-SageMaker_48.svg,amazon sagemaker
Architecture-Service-Icons_02072025/Arch_Analytics/48/Arch_AWS-Glue-DataBrew_48.svg,aws glue
Architecture-Service-Icons_02072025/Arch_Analytics/48/Arch_AWS-Lake-Formation_48.svg,aws lake formation
Architecture-Service-Icons_02072025/Arch_Analytics/48/Arch_Amazon-OpenSearch-Service_48.svg,amazon opensearch service
Architecture-Service-Icons_02072025/Arch_Analytics/48/Arch_Amazon-EMR_48.svg,amazon emr
Architecture-Service-Icons_02072025/Arch_Analytics/48/Arch_AWS-Glue_48.svg,aws glue
Architecture-Service-Icons_02072025/Arch_Analytics/48/Arch_Amazon-Redshift_48.svg,amazon redshift
Architecture-Service-Icons_02072025/Arch_Migration-Modernization/64/Arch_AWS-DataSync_64.svg,aws datasync
Architecture-Service-Icons_02072025/Arch_Migration-Modernization/64/Arch_AWS-Transfer-Family_64.svg,aws transfer family
Architecture-Service-Icons_02072025/Arch_Migration-Modernization/16/Arch_AWS-Transfer-Family_16.svg,aws transfer family
Architecture-Service-Icons_02072025/Arch_Migration-Modernization/16/Arch_AWS-DataSync_16.svg,aws datasync
Architecture-Service-Icons_02072025/Arch_Migration-Modernization/32/Arch_AWS-Transfer-Family_32.svg,aws transfer family
Architecture-Service-Icons_02072025/Arch_Migration-Modernization/32/Arch_AWS-DataSync_32.svg,aws datasync
Architecture-Service-Icons_02072025/Arch_Migration-Modernization/48/Arch_AWS-Transfer-Family_48.svg,aws transfer family
Architecture-Service-Icons_02072025/Arch_Migration-Modernization/48/Arch_AWS-DataSync_48.svg,aws datasync
Architecture-Service-Icons_02072025/Arch_Media-Services/64/Arch_AWS-Elemental-MediaConnect_64.svg,amazon connect
Architecture-Service-Icons_02072025/Arch_Media-Services/16/Arch_AWS-Elemental-MediaConnect_16.svg,amazon connect
Architecture-Service-Icons_02072025/Arch_Media-Services/32/Arch_AWS-Elemental-MediaConnect_32.svg,amazon connect
Architecture-Service-Icons_02072025/Arch_Media-Services/48/Arch_AWS-Elemental-MediaConnect_48.svg,amazon connect
Architecture-Service-Icons_02072025/Arch_Blockchain/64/Arch_Amazon-Managed-Blockchain_64.svg,amazon managed blockchain
Architecture-Service-Icons_02072025/Arch_Blockchain/16/Arch_Amazon-Managed-Blockchain_16.svg,amazon managed blockchain
Architecture-Service-Icons_02072025/Arch_Blockchain/32/Arch_Amazon-Managed-Blockchain_32.svg,amazon managed blockchain
Architecture-Service-Icons_02072025/Arch_Blockchain/48/Arch_Amazon-Managed-Blockchain_48.svg,amazon managed blockchain
Architecture-Service-Icons_02072025/Arch_Internet-of-Things/64/Arch_AWS-IoT-Analytics_64.svg,aws iot analytics
Architecture-Service-Icons_02072025/Arch_Internet-of-Things/64/Arch_AWS-IoT-SiteWise_64.svg,aws iot sitewise
Architecture-Service-Icons_02072025/Arch_Internet-of-Things/64/Arch_AWS-IoT-Greengrass_64.svg,aws iot greengrass
Architecture-Service-Icons_02072025/Arch_Internet-of-Things/64/Arch_AWS-IoT-Core_64.svg,aws iot core
Architecture-Service-Icons_02072025/Arch_Internet-of-Things/16/Arch_AWS-IoT-Core_16.svg,aws iot core
Architecture-Service-Icons_02072025/Arch_Internet-of-Things/16/Arch_AWS-IoT-Greengrass_16.svg,aws iot greengrass
Architecture-Service-Icons_02072025/Arch_Internet-of-Things/16/Arch_AWS-IoT-Analytics_16.svg,aws iot analytics
Architecture-Service-Icons_02072025/Arch_Internet-of-Things/16/Arch_AWS-IoT-SiteWise_16.svg,aws iot sitewise
Architecture-Service-Icons_02072025/Arch_Internet-of-Things/32/Arch_AWS-IoT-SiteWise_32.svg,aws iot sitewise
Architecture-Service-Icons_02072025/Arch_Internet-of-Things/32/Arch_AWS-IoT-Analytics_32.svg,aws iot analytics
Architecture-Service-Icons_02072025/Arch_Internet-of-Things/32/Arch_AWS-IoT-Greengrass_32.svg,aws iot greengrass
Architecture-Service-Icons_02072025/Arch_Internet-of-Things/32/Arch_AWS-IoT-Core_32.svg,aws iot core
Architecture-Service-Icons_02072025/Arch_Internet-of-Things/48/Arch_AWS-IoT-SiteWise_48.svg,aws iot sitewise
Architecture-Service-Icons_02072025/Arch_Internet-of-Things/48/Arch_AWS-IoT-Analytics_48.svg,aws iot analytics
Architecture-Service-Icons_02072025/Arch_Internet-of-Things/48/Arch_AWS-IoT-Core_48.svg,aws iot core
Architecture-Service-Icons_02072025/Arch_Internet-of-Things/48/Arch_AWS-IoT-Greengrass_48.svg,aws iot greengrass
Architecture-Service-Icons_02072025/Arch_End-User-Computing/64/Arch_Amazon-WorkSpaces-Family_64.svg,amazon workspaces
Architecture-Service-Icons_02072025/Arch_End-User-Computing/16/Arch_Amazon-WorkSpaces-Family_16.svg,amazon workspaces
Architecture-Service-Icons_02072025/Arch_End-User-Computing/32/Arch_Amazon-WorkSpaces-Family_32.svg,amazon workspaces
Architecture-Service-Icons_02072025/Arch_End-User-Computing/48/Arch_Amazon-WorkSpaces-Family_48.svg,amazon workspaces
Architecture-Service-Icons_02072025/Arch_Storage/64/Arch_Amazon-S3-on-Outposts_64.svg,amazon s3
Architecture-Service-Icons_02072025/Arch_Storage/64/Arch_Amazon-EFS_64.svg,amazon efs
Architecture-Service-Icons_02072025/Arch_Storage/64/Arch_Amazon-FSx-for-NetApp-ONTAP_64.svg,amazon fsx
Architecture-Service-Icons_02072025/Arch_Storage/64/Arch_Amazon-FSx-for-OpenZFS_64.svg,amazon fsx
Architecture-Service-Icons_02072025/Arch_Storage/64/Arch_Amazon-FSx_64.svg,amazon fsx
Architecture-Service-Icons_02072025/Arch_Storage/64/Arch_AWS-Snowball-Edge_64.svg,aws snowball
Architecture-Service-Icons_02072025/Arch_Storage/64/Arch_AWS-Storage-Gateway_64.svg,aws storage gateway
Architecture-Service-Icons_02072025/Arch_Storage/64/Arch_AWS-Snowball_64.svg,aws snowball
Architecture-Service-Icons_02072025/Arch_Storage/64/Arch_AWS-Backup_64.svg,aws backup
Architecture-Service-Icons_02072025/Arch_Storage/64/Arch_Amazon-FSx-for-Lustre_64.svg,amazon fsx
Architecture-Service-Icons_02072025/Arch_Storage/64/Arch_Amazon-FSx-for-WFS_64.svg,amazon fsx
Architecture-Service-Icons_02072025/Arch_Storage/16/Arch_AWS-Backup_16.svg,aws backup
Architecture-Service-Icons_02072025/Arch_Storage/16/Arch_Amazon-FSx_16.svg,amazon fsx
Architecture-Service-Icons_02072025/Arch_Storage/16/Arch_AWS-Snowball-Edge_16.svg,aws snowball
Architecture-Service-Icons_02072025/Arch_Storage/16/Arch_Amazon-FSx-for-WFS_16.svg,amazon fsx
Architecture-Service-Icons_02072025/Arch_Storage/16/Arch_AWS-Storage-Gateway_16.svg,aws storage gateway
Architecture-Service-Icons_02072025/Arch_Storage/16/Arch_Amazon-FSx-for-Lustre_16.svg,amazon fsx
Architecture-Service-Icons_02072025/Arch_Storage/16/Arch_Amazon-EFS_16.svg,amazon efs
Architecture-Service-Icons_02072025/Arch_Storage/16/Arch_Amazon-S3-on-Outposts_16.svg,amazon s3
Architecture-Service-Icons_02072025/Arch_Storage/16/Arch_Amazon-FSx-for-OpenZFS_16.svg,amazon fsx
Architecture-Service-Icons_02072025/Arch_Storage/16/Arch_AWS-Snowball_16.svg,aws snowball
Architecture-Service-Icons_02072025/Arch_Storage/16/Arch_Amazon-FSx-for-NetApp-ONTAP_16.svg,amazon fsx
Architecture-Service-Icons_02072025/Arch_Storage/32/Arch_AWS-Snowball-Edge_32.svg,aws snowball
Architecture-Service-Icons_02072025/Arch_Storage/32/Arch_Amazon-FSx-for-OpenZFS_32.svg,amazon fsx
Architecture-Service-Icons_02072025/Arch_Storage/32/Arch_Amazon-FSx-for-Lustre_32.svg,amazon fsx
Architecture-Service-Icons_02072025/Arch_Storage/32/Arch_Amazon-FSx-for-WFS_32.svg,amazon fsx
Architecture-Service-Icons_02072025/Arch_Storage/32/Arch_AWS-Snowball_32.svg,aws snowball
Architecture-Service-Icons_02072025/Arch_Storage/32/Arch_AWS-Storage-Gateway_32.svg,aws storage gateway
Architecture-Service-Icons_02072025/Arch_Storage/32/Arch_Amazon-FSx-for-NetApp-ONTAP_32.svg,amazon fsx
Architecture-Service-Icons_02072025/Arch_Storage/32/Arch_Amazon-S3-on-Outposts_32.svg,amazon s3
Architecture-Service-Icons_02072025/Arch_Storage/32/Arch_Amazon-EFS_32.svg,amazon efs
Architecture-Service-Icons_02072025/Arch_Storage/32/Arch_Amazon-FSx_32.svg,amazon fsx
Architecture-Service-Icons_02072025/Arch_Storage/32/Arch_AWS-Backup_32.svg,aws backup
Architecture-Service-Icons_02072025/Arch_Storage/48/Arch_Amazon-FSx-for-NetApp-ONTAP_48.svg,amazon fsx
Architecture-Service-Icons_02072025/Arch_Storage/48/Arch_AWS-Storage-Gateway_48.svg,aws storage gateway
Architecture-Service-Icons_02072025/Arch_Storage/48/Arch_Amazon-S3-on-Outposts_48.svg,amazon s3
Architecture-Service-Icons_02072025/Arch_Storage/48/Arch_Amazon-FSx-for-WFS_48.svg,amazon fsx
Architecture-Service-Icons_02072025/Arch_Storage/48/Arch_Amazon-EFS_48.svg,amazon efs
Architecture-Service-Icons_02072025/Arch_Storage/48/Arch_Amazon-FSx-for-OpenZFS_48.svg,amazon fsx
Architecture-Service-Icons_02072025/Arch_Storage/48/Arch_AWS-Snowball_48.svg,aws snowball
Architecture-Service-Icons_02072025/Arch_Storage/48/Arch_Amazon-FSx_48.svg,amazon fsx
Architecture-Service-Icons_02072025/Arch_Storage/48/Arch_AWS-Snowball-Edge_48.svg,aws snowball
Architecture-Service-Icons_02072025/Arch_Storage/48/Arch_AWS-Backup_48.svg,aws backup
Architecture-Service-Icons_02072025/Arch_Storage/48/Arch_Amazon-FSx-for-Lustre_48.svg,amazon fsx
Architecture-Service-Icons_02072025/Arch_Database/64/Arch_Amazon-DocumentDB_64.svg,amazon documentdb
Architecture-Service-Icons_02072025/Arch_Database/64/Arch_AWS-Database-Migration-Service_64.svg,aws database migration service
Architecture-Service-Icons_02072025/Arch_Database/64/Arch_Amazon-ElastiCache_64.svg,amazon elasticache
Architecture-Service-Icons_02072025/Arch_Database/64/Arch_Amazon-DynamoDB_64.svg,amazon dynamodb
Architecture-Service-Icons_02072025/Arch_Database/64/Arch_Amazon-RDS_64.svg,amazon rds
Architecture-Service-Icons_02072025/Arch_Database/64/Arch_Amazon-Aurora_64.svg,amazon aurora
Architecture-Service-Icons_02072025/Arch_Database/16/Arch_Amazon-DocumentDB_16.svg,amazon documentdb
Architecture-Service-Icons_02072025/Arch_Database/16/Arch_AWS-Database-Migration-Service_16.svg,aws database migration service
Architecture-Service-Icons_02072025/Arch_Database/16/Arch_Amazon-DynamoDB_16.svg,amazon dynamodb
Architecture-Service-Icons_02072025/Arch_Database/16/Arch_Amazon-Aurora_16.svg,amazon aurora
Architecture-Service-Icons_02072025/Arch_Database/16/Arch_Amazon-ElastiCache_16.svg,amazon elasticache
Architecture-Service-Icons_02072025/Arch_Database/16/Arch_Amazon-RDS_16.svg,amazon rds
Architecture-Service-Icons_02072025/Arch_Database/32/Arch_AWS-Database-Migration-Service_32.svg,aws database migration service
Architecture-Service-Icons_02072025/Arch_Database/32/Arch_Amazon-ElastiCache_32.svg,amazon elasticache
Architecture-Service-Icons_02072025/Arch_Database/32/Arch_Amazon-DynamoDB_32.svg,amazon dynamodb
Architecture-Service-Icons_02072025/Arch_Database/32/Arch_Amazon-DocumentDB_32.svg,amazon documentdb
Architecture-Service-Icons_02072025/Arch_Database/32/Arch_Amazon-Aurora_32.svg,amazon aurora
Architecture-Service-Icons_02072025/Arch_Database/32/Arch_Amazon-RDS_32.svg,amazon rds
Architecture-Service-Icons_02072025/Arch_Database/48/Arch_Amazon-DocumentDB_48.svg,amazon documentdb
Architecture-Service-Icons_02072025/Arch_Database/48/Arch_Amazon-Aurora_48.svg,amazon aurora
Architecture-Service-Icons_02072025/Arch_Database/48/Arch_AWS-Database-Migration-Service_48.svg,aws database migration service
Architecture-Service-Icons_02072025/Arch_Database/48/Arch_Amazon-RDS_48.svg,amazon rds
Architecture-Service-Icons_02072025/Arch_Database/48/Arch_Amazon-ElastiCache_48.svg,amazon elasticache
Architecture-Service-Icons_02072025/Arch_Database/48/Arch_Amazon-DynamoDB_48.svg,amazon dynamodb
Resource-Icons_02072025/Res_Quantum-Technologies/Res_Amazon-Braket_Simulator-3_48.svg,amazon braket
Resource-Icons_02072025/Res_Quantum-Technologies/Res_Amazon-Braket_QPU_48.svg,amazon braket
Resource-Icons_02072025/Res_Quantum-Technologies/Res_Amazon-Braket_Tensor-Network_48.svg,amazon braket
Resource-Icons_02072025/Res_Quantum-Technologies/Res_Amazon-Braket_Embedded-Simulator_48.svg,amazon braket
Resource-Icons_02072025/Res_Quantum-Technologies/Res_Amazon-Braket_Managed-Simulator_48.svg,amazon braket
Resource-Icons_02072025/Res_Quantum-Technologies/Res_Amazon-Braket_Simulator-2_48.svg,amazon braket
Resource-Icons_02072025/Res_Quantum-Technologies/Res_Amazon-Braket_State-Vector_48.svg,amazon braket
Resource-Icons_02072025/Res_Quantum-Technologies/Res_Amazon-Braket_Chandelier_48.svg,amazon braket
Resource-Icons_02072025/Res_Quantum-Technologies/Res_Amazon-Braket_Simulator_48.svg,amazon braket
Resource-Icons_02072025/Res_Quantum-Technologies/Res_Amazon-Braket_Simulator-1_48.svg,amazon braket
Resource-Icons_02072025/Res_Quantum-Technologies/Res_Amazon-Braket_Chip_48.svg,amazon braket
Resource-Icons_02072025/Res_Quantum-Technologies/Res_Amazon-Braket_Noise-Simulator_48.svg,amazon braket
Resource-Icons_02072025/Res_Quantum-Technologies/Res_Amazon-Braket_Simulator-4_48.svg,amazon braket
Resource-Icons_02072025/Res_Analytics/Res_AWS-Glue_AWS-Glue-for-Ray_48.svg,aws glue
Resource-Icons_02072025/Res_Analytics/Res_AWS-Glue_Data-Catalog_48.svg,aws glue
Resource-Icons_02072025/Res_Analytics/Res_Amazon-OpenSearch-Service_UltraWarm-Node_48.svg,amazon opensearch service
Resource-Icons_02072025/Res_Analytics/Res_Amazon-Redshift_Query-Editor-v2.0_48.svg,amazon redshift
Resource-Icons_02072025/Res_Analytics/Res_Amazon-Quicksight_Paginated-Reports_48.svg,amazon quicksight
Resource-Icons_02072025/Res_Analytics/Res_Amazon-OpenSearch-Service_Index_48.svg,amazon opensearch service
Resource-Icons_02072025/Res_Analytics/Res_Amazon-Redshift_Dense-Storage-Node_48.svg,amazon redshift
Resource-Icons_02072025/Res_Analytics/Res_AWS-Lake-Formation_Data-Lake_48.svg,aws lake formation
Resource-Icons_02072025/Res_Analytics/Res_AWS-Glue_Data-Quality_48.svg,aws glue
Resource-Icons_02072025/Res_Analytics/Res_Amazon-Redshift_ML_48.svg,amazon redshift
Resource-Icons_02072025/Res_Analytics/Res_Amazon-Redshift_RA3_48.svg,amazon redshift
Resource-Icons_02072025/Res_Analytics/Res_Amazon-EMR_HDFS-Cluster_48.svg,amazon emr
Resource-Icons_02072025/Res_Analytics/Res_Amazon-OpenSearch-Service_OpenSearch-Dashboards_48.svg,amazon rds
Resource-Icons_02072025/Res_Analytics/Res_Amazon-OpenSearch-Service_Traces_48.svg,amazon opensearch service
Resource-Icons_02072025/Res_Analytics/Res_Amazon-Redshift_Dense-Compute-Node_48.svg,amazon redshift
Resource-Icons_02072025/Res_Analytics/Res_AWS-Glue_Crawler_48.svg,aws glue
Resource-Icons_02072025/Res_Analytics/Res_Amazon-OpenSearch-Service_Cluster-Administrator-Node_48.svg,amazon opensearch service
Resource-Icons_02072025/Res_Analytics/Res_Amazon-Redshift_Auto-copy_48.svg,amazon redshift
Resource-Icons_02072025/Res_Analytics/Res_Amazon-OpenSearch-Service_Observability_48.svg,amazon opensearch service
Resource-Icons_02072025/Res_Analytics/Res_Amazon-OpenSearch-Service_Data-Node_48.svg,amazon opensearch service
Resource-Icons_02072025/Res_Analytics/Res_Amazon-Redshift_Streaming-Ingestion_48.svg,amazon redshift
Resource-Icons_02072025/Res_Analytics/Res_Amazon-EMR_EMR-Engine_48.svg,amazon emr
Resource-Icons_02072025/Res_Analytics/Res_Amazon-Redshift_Data-Sharing-Governance_48.svg,amazon redshift
Resource-Icons_02072025/Res_Analytics/Res_Amazon-OpenSearch-Service_OpenSearch-Ingestion_48.svg,amazon opensearch service
Resource-Icons_02072025/Res_Analytics/Res_Amazon-Athena_Data-Source-Connectors_48.svg,amazon athena
Resource-Icons_02072025/Res_Analytics/Res_Amazon-EMR_Cluster_48.svg,amazon emr
Resource-Icons_02072025/Res_Database/Res_Amazon-Aurora_Amazon-RDS-Instance-Aternate_48.svg,amazon rds
Resource-Icons_02072025/Res_Database/Res_Amazon-ElastiCache_ElastiCache-for-Memcached_48.svg,amazon elasticache
Resource-Icons_02072025/Res_Database/Res_Amazon-DynamoDB_Attribute_48.svg,amazon dynamodb
Resource-Icons_02072025/Res_Database/Res_Amazon-Aurora-Oracle-Instance_48.svg,amazon aurora
Resource-Icons_02072025/Res_Database/Res_Amazon-DynamoDB_Standard-Access-Table-Class_48.svg,amazon dynamodb
Resource-Icons_02072025/Res_Database/Res_Amazon-RDS_Multi-AZ-DB-Cluster_48.svg,amazon rds
Resource-Icons_02072025/Res_Database/Res_Amazon-Aurora_Trusted-Language-Extensions-for-PostgreSQL_48.svg,amazon aurora
Resource-Icons_02072025/Res_Database/Res_Amazon-Aurora_Amazon-Aurora-Instance-alternate_48.svg,amazon aurora
Resource-Icons_02072025/Res_Database/Res_Amazon-DynamoDB_Item_48.svg,amazon dynamodb
Resource-Icons_02072025/Res_Database/Res_Amazon-Aurora-Instance_48.svg,amazon aurora
Resource-Icons_02072025/Res_Database/Res_Amazon-RDS_Trusted-Language-Extensions-for-PostgreSQL_48.svg,amazon rds
Resource-Icons_02072025/Res_Database/Res_Amazon-RDS_Optimized-Writes_48.svg,amazon rds
Resource-Icons_02072025/Res_Database/Res_Amazon-Aurora-PostgreSQL-Instance-Alternate_48.svg,amazon aurora
Resource-Icons_02072025/Res_Database/Res_Amazon-ElastiCache_ElastiCache-for-Valkey_48.svg,amazon elasticache
Resource-Icons_02072025/Res_Database/Res_Amazon-RDS-Proxy-Instance_48.svg,amazon rds
Resource-Icons_02072025/Res_Database/Res_Amazon-Aurora-PIOPS-Instance_48.svg,amazon aurora
Resource-Icons_02072025/Res_Database/Res_Amazon-Aurora-SQL-Server-Instance_48.svg,amazon aurora
Resource-Icons_02072025/Res_Database/Res_Amazon-DynamoDB_Items_48.svg,amazon dynamodb
Resource-Icons_02072025/Res_Database/Res_Amazon-Aurora-MySQL-Instance-Alternate_48.svg,amazon aurora
Resource-Icons_02072025/Res_Database/Res_Amazon-Aurora-MySQL-Instance_48.svg,amazon aurora
Resource-Icons_02072025/Res_Database/Res_Amazon-DynamoDB_Table_48.svg,amazon dynamodb
Resource-Icons_02072025/Res_Database/Res_Amazon-DynamoDB_Global-secondary-index_48.svg,amazon dynamodb
Resource-Icons_02072025/Res_Database/Res_AWS-Database-Migration-Service_Database-migration-workflow-or-job_48.svg,aws database migration service
Resource-Icons_02072025/Res_Database/Res_Amazon-ElastiCache_ElastiCache-for-Redis_48.svg,amazon elasticache
Resource-Icons_02072025/Res_Database/Res_Amazon-DynamoDB_Amazon-DynamoDB-Accelerator_48.svg,amazon dynamodb
Resource-Icons_02072025/Res_Database/Res_Amazon-DynamoDB_Standard-Infrequent-Access-Table-Class_48.svg,amazon dynamodb
Resource-Icons_02072025/Res_Database/Res_Amazon-Aurora-Oracle-Instance-Alternate_48.svg,amazon aurora
Resource-Icons_02072025/Res_Database/Res_Amazon-DynamoDB_Attributes_48.svg,amazon dynamodb
Resource-Icons_02072025/Res_Database/Res_Amazon-RDS_Blue-Green-Deployments_48.svg,amazon rds
Resource-Icons_02072025/Res_Database/Res_Amazon-RDS-Proxy-Instance-Alternate_48.svg,amazon rds
Resource-Icons_02072025/Res_Database/Res_Amazon-Aurora_Amazon-RDS-Instance_48.svg,amazon rds
Resource-Icons_02072025/Res_Database/Res_Amazon-DynamoDB_Stream_48.svg,amazon dynamodb
Resource-Icons_02072025/Res_Database/Res_Amazon-Aurora-MariaDB-Instance-Alternate_48.svg,amazon aurora
Resource-Icons_02072025/Res_Database/Res_Amazon-Aurora-MariaDB-Instance_48.svg,amazon aurora
Resource-Icons_02072025/Res_Database/Res_Amazon-Aurora-PostgreSQL-Instance_48.svg,amazon aurora
Resource-Icons_02072025/Res_Database/Res_Amazon-ElastiCache_Cache-Node_48.svg,amazon elasticache
Resource-Icons_02072025/Res_Database/Res_Amazon-RDS_Multi-AZ_48.svg,amazon rds
Resource-Icons_02072025/Res_Database/Res_Amazon-Aurora-SQL-Server-Instance-Alternate_48.svg,amazon aurora
Resource-Icons_02072025/Res_Database/Res_Amazon-DocumentDB_Elastic-Clusters_48.svg,amazon documentdb
Resource-Icons_02072025/Res_Robotics/Res_AWS-RoboMaker_Fleet-Management_48.svg,aws robomaker
Resource-Icons_02072025/Res_Robotics/Res_AWS-RoboMaker_Development-Environment_48.svg,aws robomaker
Resource-Icons_02072025/Res_Robotics/Res_AWS-RoboMaker_Cloud-Extensions-ROS_48.svg,aws robomaker
Resource-Icons_02072025/Res_Robotics/Res_AWS-RoboMaker_Simulation_48.svg,aws robomaker
Resource-Icons_02072025/Res_General-Icons/Res_48_Dark/Res_Shield_48_Dark.svg,aws shield
Resource-Icons_02072025/Res_General-Icons/Res_48_Light/Res_Shield_48_Light.svg,aws shield
Resource-Icons_02072025/Res_Application-Integration/Res_Amazon-EventBridge_Default-Event-Bus_48.svg,amazon eventbridge
Resource-Icons_02072025/Res_Application-Integration/Res_Amazon-EventBridge_Pipes_48.svg,amazon eventbridge
Resource-Icons_02072025/Res_Application-Integration/Res_Amazon-EventBridge_Saas-Partner-Event_48.svg,amazon eventbridge
Resource-Icons_02072025/Res_Application-Integration/Res_Amazon-MQ_Broker_48.svg,amazon mq
Resource-Icons_02072025/Res_Application-Integration/Res_Amazon-EventBridge-Event_48.svg,amazon eventbridge
Resource-Icons_02072025/Res_Application-Integration/Res_Amazon-EventBridge_Rule_48.svg,amazon eventbridge
Resource-Icons_02072025/Res_Application-Integration/Res_Amazon-EventBridge_Schema_48.svg,amazon eventbridge
Resource-Icons_02072025/Res_Application-Integration/Res_Amazon-EventBridge_Custom-Event-Bus_48.svg,amazon eventbridge
Resource-Icons_02072025/Res_Application-Integration/Res_Amazon-EventBridge_Schema-Registry_48.svg,amazon eventbridge
Resource-Icons_02072025/Res_Application-Integration/Res_Amazon-EventBridge_Scheduler_48.svg,amazon eventbridge
Resource-Icons_02072025/Res_Blockchain/Res_Amazon-Managed-Blockchain_Blockchain_48.svg,amazon managed blockchain
Resource-Icons_02072025/Res_Management-Governance/Res_AWS-Systems-Manager_OpsCenter_48.svg,aws systems manager
Resource-Icons_02072025/Res_Management-Governance/Res_AWS-Systems-Manager_Application-Manager_48.svg,aws systems manager
Resource-Icons_02072025/Res_Management-Governance/Res_AWS-Systems-Manager_Change-Manager_48.svg,aws systems manager
Resource-Icons_02072025/Res_Management-Governance/Res_AWS-Systems-Manager_State-Manager_48.svg,aws systems manager
Resource-Icons_02072025/Res_Management-Governance/Res_Amazon-CloudWatch_Event-Time-Based_48.svg,amazon cloudwatch
Resource-Icons_02072025/Res_Management-Governance/Res_AWS-Trusted-Advisor_Checklist-Cost_48.svg,aws trusted advisor
Resource-Icons_02072025/Res_Management-Governance/Res_Amazon-CloudWatch_Synthetics_48.svg,amazon cloudwatch
Resource-Icons_02072025/Res_Management-Governance/Res_Amazon-CloudWatch_Event-Event-Based_48.svg,amazon cloudwatch
Resource-Icons_02072025/Res_Management-Governance/Res_AWS-Systems-Manager_Inventory_48.svg,aws systems manager
Resource-Icons_02072025/Res_Management-Governance/Res_AWS-Organizations_Organizational-Unit_48.svg,aws organizations
Resource-Icons_02072025/Res_Management-Governance/Res_Amazon-CloudWatch_Alarm_48.svg,amazon cloudwatch
Resource-Icons_02072025/Res_Management-Governance/Res_AWS-Trusted-Advisor_Checklist-Performance_48.svg,aws trusted advisor
Resource-Icons_02072025/Res_Management-Governance/Res_AWS-Organizations_Account_48.svg,aws organizations
Resource-Icons_02072025/Res_Management-Governance/Res_AWS-Systems-Manager_Parameter-Store_48.svg,aws systems manager
Resource-Icons_02072025/Res_Management-Governance/Res_AWS-CloudFormation_Stack_48.svg,aws cloudformation
Resource-Icons_02072025/Res_Management-Governance/Res_AWS-Trusted-Advisor_Checklist-Fault-Tolerant_48.svg,aws trusted advisor
Resource-Icons_02072025/Res_Management-Governance/Res_AWS-Organizations_Management-Account_48.svg,aws organizations
Resource-Icons_02072025/Res_Management-Governance/Res_Amazon-CloudWatch_Evidently_48.svg,amazon cloudwatch
Resource-Icons_02072025/Res_Management-Governance/Res_AWS-CloudFormation_Template_48.svg,aws cloudformation
Resource-Icons_02072025/Res_Management-Governance/Res_Amazon-CloudWatch_Data-Protection_48.svg,amazon cloudwatch
Resource-Icons_02072025/Res_Management-Governance/Res_AWS-Systems-Manager_Distributor_48.svg,aws systems manager
Resource-Icons_02072025/Res_Management-Governance/Res_AWS-License-Manager_Application-Discovery_48.svg,aws license manager
Resource-Icons_02072025/Res_Management-Governance/Res_Amazon-CloudWatch_Rule_48.svg,amazon cloudwatch
Resource-Icons_02072025/Res_Management-Governance/Res_AWS-Systems-Manager_Automation_48.svg,aws systems manager
Resource-Icons_02072025/Res_Management-Governance/Res_AWS-Systems-Manager_Maintenance-Windows_48.svg,aws systems manager
Resource-Icons_02072025/Res_Management-Governance/Res_AWS-Systems-Manager_Patch-Manager_48.svg,aws systems manager
Resource-Icons_02072025/Res_Management-Governance/Res_Amazon-CloudWatch_Metrics-Insights_48.svg,amazon cloudwatch
Resource-Icons_02072025/Res_Management-Governance/Res_Amazon-CloudWatch_Logs_48.svg,amazon cloudwatch
Resource-Icons_02072025/Res_Management-Governance/Res_AWS-Systems-Manager_Session-Manager_48.svg,aws systems manager
Resource-Icons_02072025/Res_Management-Governance/Res_AWS-Systems-Manager_Incident-Manager_48.svg,aws systems manager
Resource-Icons_02072025/Res_Management-Governance/Res_AWS-Trusted-Advisor_Checklist_48.svg,aws trusted advisor
Resource-Icons_02072025/Res_Management-Governance/Res_Amazon-CloudWatch_Cross-account-Observability_48.svg,amazon cloudwatch
Resource-Icons_02072025/Res_Management-Governance/Res_AWS-Systems-Manager_Run-Command_48.svg,aws systems manager
Resource-Icons_02072025/Res_Management-Governance/Res_AWS-CloudFormation_Change-Set_48.svg,aws cloudformation
Resource-Icons_02072025/Res_Management-Governance/Res_AWS-Systems-Manager_Change-Calendar_48.svg,aws systems manager
Resource-Icons_02072025/Res_Management-Governance/Res_AWS-Systems-Manager_Documents_48.svg,aws systems manager
Resource-Icons_02072025/Res_Management-Governance/Res_AWS-Systems-Manager_Compliance_48.svg,aws systems manager
Resource-Icons_02072025/Res_Management-Governance/Res_Amazon-CloudWatch_RUM_48.svg,amazon cloudwatch
Resource-Icons_02072025/Res_Management-Governance/Res_AWS-Trusted-Advisor_Checklist-Security_48.svg,aws trusted advisor
Resource-Icons_02072025/Res_Management-Governance/Res_AWS-License-Manager_License-Blending_48.svg,aws license manager
Resource-Icons_02072025/Res_Management-Governance/Res_AWS-CloudTrail_CloudTrail-Lake_48.svg,aws cloudtrail
Resource-Icons_02072025/Res_Compute/Res_Amazon-EC2_Instance_48.svg,amazon ec2
Resource-Icons_02072025/Res_Compute/Res_Amazon-EC2_DB-Instance_48.svg,amazon ec2
Resource-Icons_02072025/Res_Compute/Res_Amazon-EC2_AMI_48.svg,amazon ec2
Resource-Icons_02072025/Res_Compute/Res_AWS-Elastic-Beanstalk_Application_48.svg,aws elastic beanstalk
Resource-Icons_02072025/Res_Compute/Res_Amazon-EC2_Instance-with-CloudWatch_48.svg,amazon ec2
Resource-Icons_02072025/Res_Compute/Res_Amazon-EC2_Rescue_48.svg,amazon ec2
Resource-Icons_02072025/Res_Compute/Res_Amazon-EC2_Instances_48.svg,amazon ec2
Resource-Icons_02072025/Res_Compute/Res_Amazon-EC2_AWS-Microservice-Extractor-for-.NET_48.svg,amazon ec2
Resource-Icons_02072025/Res_Compute/Res_AWS-Lambda_Lambda-Function_48.svg,aws lambda
Resource-Icons_02072025/Res_Compute/Res_Amazon-EC2_Auto-Scaling_48.svg,amazon ec2
Resource-Icons_02072025/Res_Compute/Res_Amazon-EC2_Elastic-IP-Address_48.svg,amazon ec2
Resource-Icons_02072025/Res_Compute/Res_Amazon-EC2_Spot-Instance_48.svg,amazon ec2
Resource-Icons_02072025/Res_Compute/Res_AWS-Elastic-Beanstalk_Deployment_48.svg,aws elastic beanstalk
Resource-Icons_02072025/Res_Security-Identity-Compliance/Res_AWS-Shield_AWS-Shield-Advanced_48.svg,aws shield
Resource-Icons_02072025/Res_Security-Identity-Compliance/Res_AWS-WAF_Bot_48.svg,aws waf
Resource-Icons_02072025/Res_Security-Identity-Compliance/Res_AWS-WAF_Bad-Bot_48.svg,aws waf
Resource-Icons_02072025/Res_Security-Identity-Compliance/Res_AWS-WAF_Managed-Rule_48.svg,aws waf
Resource-Icons_02072025/Res_Security-Identity-Compliance/Res_AWS-Security-Hub_Finding_48.svg,aws security hub
Resource-Icons_02072025/Res_Security-Identity-Compliance/Res_AWS-WAF_Labels_48.svg,aws waf
Resource-Icons_02072025/Res_Security-Identity-Compliance/Res_AWS-Directory-Service_AD-Connector_48.svg,amazon connect
Resource-Icons_02072025/Res_Security-Identity-Compliance/Res_AWS-WAF_Bot-Control_48.svg,aws waf
Resource-Icons_02072025/Res_Security-Identity-Compliance/Res_AWS-WAF_Filtering-Rule_48.svg,aws waf
Resource-Icons_02072025/Res_Security-Identity-Compliance/Res_AWS-WAF_Rule_48.svg,aws waf
Resource-Icons_02072025/Res_Migration-Modernization/Res_AWS-DataSync_Discovery_48.svg,aws datasync
Resource-Icons_02072025/Res_Migration-Modernization/Res_AWS-Transfer-Family_AWS-FTPS_48.svg,aws transfer family
Resource-Icons_02072025/Res_Migration-Modernization/Res_AWS-Datasync_Agent_48.svg,aws datasync
Resource-Icons_02072025/Res_Migration-Modernization/Res_AWS-Transfer-Family_AWS-AS2_48.svg,aws transfer family
Resource-Icons_02072025/Res_Migration-Modernization/Res_AWS-Transfer-Family_AWS-SFTP_48.svg,aws transfer family
Resource-Icons_02072025/Res_Migration-Modernization/Res_AWS-Transfer-Family_AWS-FTP_48.svg,aws transfer family
Resource-Icons_02072025/Res_Storage/Res_Amazon-Simple-Storage-Service_VPC-Access-Points_48.svg,amazon vpc
Resource-Icons_02072025/Res_Storage/Res_AWS-Backup_Backup-Restore_48.svg,aws backup
Resource-Icons_02072025/Res_Storage/Res_AWS-Storage-Gateway_Tape-Gateway_48.svg,aws storage gateway
Resource-Icons_02072025/Res_Storage/Res_Amazon-Simple-Storage-Service_S3-Storage-Lens_48.svg,amazon s3
Resource-Icons_02072025/Res_Storage/Res_Amazon-Simple-Storage-Service_S3-Replication_48.svg,amazon s3
Resource-Icons_02072025/Res_Storage/Res_AWS-Backup_Gateway_48.svg,aws backup
Resource-Icons_02072025/Res_Storage/Res_Amazon-Simple-Storage-Service_S3-Batch-Operations_48.svg,aws batch
Resource-Icons_02072025/Res_Storage/Res_Amazon-Simple-Storage-Service_S3-Standard_48.svg,amazon s3
Resource-Icons_02072025/Res_Storage/Res_AWS-Storage-Gateway_Volume-Gateway_48.svg,aws storage gateway
Resource-Icons_02072025/Res_Storage/Res_AWS-Snowball_Snowball-Import-Export_48.svg,aws snowball
Resource-Icons_02072025/Res_Storage/Res_AWS-Backup_Compute_48.svg,aws backup
Resource-Icons_02072025/Res_Storage/Res_AWS-Backup_AWS-Backup-for-AWS-CloudFormation_48.svg,aws backup
Resource-Icons_02072025/Res_Storage/Res_AWS-Backup_AWS-Backup-support-for-Amazon-FSx-for-NetApp-ONTAP_48.svg,amazon fsx
Resource-Icons_02072025/Res_Storage/Res_Amazon-Elastic-File-System_EFS-Standard-Infrequent-Access_48.svg,amazon efs
Resource-Icons_02072025/Res_Storage/Res_Amazon-Simple-Storage-Service_S3-Glacier-Flexible-Retrieval_48.svg,amazon s3
Resource-Icons_02072025/Res_Storage/Res_AWS-Backup_Backup-Vault_48.svg,aws backup
Resource-Icons_02072025/Res_Storage/Res_Amazon-Elastic-File-System_EFS-Intelligent-Tiering_48.svg,amazon efs
Resource-Icons_02072025/Res_Storage/Res_AWS-Backup_AWS-Backup-Support-for-VMware-Workloads_48.svg,aws backup
Resource-Icons_02072025/Res_Storage/Res_AWS-Storage-Gateway_Amazon-FSx-File-Gateway_48.svg,amazon fsx
Resource-Icons_02072025/Res_Storage/Res_Amazon-Simple-Storage-Service_S3-Express-One-Zone_48.svg,amazon s3
Resource-Icons_02072025/Res_Storage/Res_Amazon-Simple-Storage-Service_S3-On-Outposts_48.svg,amazon s3
Resource-Icons_02072025/Res_Storage/Res_AWS-Storage-Gateway_Amazon-S3-File-Gateway_48.svg,amazon s3
Resource-Icons_02072025/Res_Storage/Res_Amazon-Simple-Storage-Service_S3-Multi-Region-Access-Points_48.svg,amazon s3
Resource-Icons_02072025/Res_Storage/Res_AWS-Backup_Storage_48.svg,aws backup
Resource-Icons_02072025/Res_Storage/Res_Amazon-File-Cache_S3-linked-datasets_48.svg,amazon s3
Resource-Icons_02072025/Res_Storage/Res_Amazon-Simple-Storage-Service_S3-Object-Lambda_48.svg,amazon s3
Resource-Icons_02072025/Res_Storage/Res_AWS-Storage-Gateway_Cached-Volume_48.svg,aws storage gateway
Resource-Icons_02072025/Res_Storage/Res_AWS-Backup_Recovery-Time-Objective_48.svg,aws backup
Resource-Icons_02072025/Res_Storage/Res_Amazon-Elastic-File-System_EFS-Standard_48.svg,amazon efs
Resource-Icons_02072025/Res_Storage/Res_AWS-Backup_Database_48.svg,aws backup
Resource-Icons_02072025/Res_Storage/Res_Amazon-Elastic-File-System_EFS-One-Zone-Infrequent-Access_48.svg,amazon efs
Resource-Icons_02072025/Res_Storage/Res_Amazon-Simple-Storage-Service_S3-Replication-Time-Control_48.svg,amazon s3
Resource-Icons_02072025/Res_Storage/Res_AWS-Storage-Gateway_Virtual-Tape-Library_48.svg,aws storage gateway
Resource-Icons_02072025/Res_Storage/Res_Amazon-Simple-Storage-Service_S3-One-Zone-IA_48.svg,amazon s3
Resource-Icons_02072025/Res_Storage/Res_Amazon-Simple-Storage-Service_S3-Standard-IA_48.svg,amazon s3
Resource-Icons_02072025/Res_Storage/Res_Amazon-Simple-Storage-Service_S3-Object-Lock_48.svg,amazon s3
Resource-Icons_02072025/Res_Storage/Res_AWS-Storage-Gateway_Noncached-Volume_48.svg,aws storage gateway
Resource-Icons_02072025/Res_Storage/Res_Amazon-Simple-Storage-Service_S3-Intelligent-Tiering_48.svg,amazon s3
Resource-Icons_02072025/Res_Storage/Res_Amazon-Simple-Storage-Service_S3-Tables_48.svg,amazon s3
Resource-Icons_02072025/Res_Storage/Res_AWS-Backup_Virtual-Machine-Monitor_48.svg,aws backup
Resource-Icons_02072025/Res_Storage/Res_Amazon-Simple-Storage-Service_S3-Glacier-Instant-Retrieval_48.svg,amazon s3
Resource-Icons_02072025/Res_Storage/Res_AWS-Backup_Vault-Lock_48.svg,aws backup
Resource-Icons_02072025/Res_Storage/Res_Amazon-Simple-Storage-Service_S3-Select_48.svg,amazon s3
Resource-Icons_02072025/Res_Storage/Res_AWS-Backup_Recovery-Point-Objective_48.svg,aws backup
Resource-Icons_02072025/Res_Storage/Res_Amazon-Elastic-File-System_EFS-One-Zone_48.svg,amazon efs
Resource-Icons_02072025/Res_Storage/Res_AWS-Storage-Gateway_File-Gateway_48.svg,aws storage gateway
Resource-Icons_02072025/Res_Storage/Res_AWS-Backup_Audit-Manager_48.svg,aws backup
Resource-Icons_02072025/Res_Storage/Res_AWS-Backup_Compliance-Reporting_48.svg,aws backup
Resource-Icons_02072025/Res_Storage/Res_AWS-Backup_Legal-Hold_48.svg,aws backup
Resource-Icons_02072025/Res_Storage/Res_AWS-Backup_AWS-Backup-support-for-Amazon-S3_48.svg,amazon s3
Resource-Icons_02072025/Res_Storage/Res_AWS-Backup_Virtual-Machine_48.svg,aws backup
Resource-Icons_02072025/Res_Storage/Res_Amazon-Simple-Storage-Service_S3-Object-Lambda-Access-Points_48.svg,amazon s3
Resource-Icons_02072025/Res_Storage/Res_AWS-Backup_Backup-Plan_48.svg,aws backup
Resource-Icons_02072025/Res_Storage/Res_Amazon-Simple-Storage-Service_S3-Glacier-Deep-Archive_48.svg,amazon s3
Resource-Icons_02072025/Res_Artificial-Intelligence/Res_Amazon-SageMaker_Geospatial-ML_48.svg,amazon sagemaker
Resource-Icons_02072025/Res_Artificial-Intelligence/Res_Amazon-Rekognition_Image_48.svg,amazon rekognition
Resource-Icons_02072025/Res_Artificial-Intelligence/Res_Amazon-SageMaker_Shadow-Testing_48.svg,amazon sagemaker
Resource-Icons_02072025/Res_Artificial-Intelligence/Res_Amazon-SageMaker_Train_48.svg,amazon sagemaker
Resource-Icons_02072025/Res_Artificial-Intelligence/Res_Amazon-SageMaker_Model_48.svg,amazon sagemaker
Resource-Icons_02072025/Res_Artificial-Intelligence/Res_Amazon-SageMaker_Notebook_48.svg,amazon sagemaker
Resource-Icons_02072025/Res_Artificial-Intelligence/Res_Amazon-Textract_Analyze-Lending_48.svg,amazon textract
Resource-Icons_02072025/Res_Artificial-Intelligence/Res_Amazon-SageMaker_Canvas_48.svg,amazon sagemaker
Resource-Icons_02072025/Res_Artificial-Intelligence/Res_Amazon-Rekognition_Video_48.svg,amazon rekognition
Resource-Icons_02072025/Res_Containers/Res_Amazon-Elastic-Container-Service_ECS-Service-Connect_48.svg,amazon ecs
Resource-Icons_02072025/Res_Containers/Res_Amazon-Elastic-Kubernetes-Service_EKS-on-Outposts_48.svg,amazon eks
Resource-Icons_02072025/Res_IoT/Res_AWS-IoT-SiteWise_Asset-Model_48.svg,aws iot sitewise
Resource-Icons_02072025/Res_IoT/Res_AWS-IoT-Analytics_Pipeline_48.svg,aws iot analytics
Resource-Icons_02072025/Res_IoT/Res_AWS-IoT-Greengrass_Component-Public_48.svg,aws iot greengrass
Resource-Icons_02072025/Res_IoT/Res_AWS-IoT-Greengrass_Component_48.svg,aws iot greengrass
Resource-Icons_02072025/Res_IoT/Res_AWS-IoT-Analytics_Data-Store_48.svg,aws iot analytics
Resource-Icons_02072025/Res_IoT/Res_AWS-IoT-SiteWise_Data-Streams_48.svg,aws iot sitewise
Resource-Icons_02072025/Res_IoT/Res_AWS-IoT-Greengrass_Recipe_48.svg,aws iot greengrass
Resource-Icons_02072025/Res_IoT/Res_AWS-IoT-Greengrass_Artifact_48.svg,aws iot greengrass
Resource-Icons_02072025/Res_IoT/Res_AWS-IoT-Greengrass_Protocol_48.svg,aws iot greengrass
Resource-Icons_02072025/Res_IoT/Res_AWS-IoT-Greengrass_Stream-Manager_48.svg,aws iot greengrass
Resource-Icons_02072025/Res_IoT/Res_AWS-IoT-Greengrass_Component-Machine-Learning_48.svg,aws iot greengrass
Resource-Icons_02072025/Res_IoT/Res_AWS-IoT-Greengrass_Connector_48.svg,amazon connect
Resource-Icons_02072025/Res_IoT/Res_AWS-IoT-SiteWise_Asset-Hierarchy_48.svg,aws iot sitewise
Resource-Icons_02072025/Res_IoT/Res_AWS-IoT-Analytics_Channel_48.svg,aws iot analytics
Resource-Icons_02072025/Res_IoT/Res_AWS-IoT_MQTT_Protocol_48.svg,amazon mq
Resource-Icons_02072025/Res_IoT/Res_AWS-IoT-Greengrass_Component-Nucleus_48.svg,aws iot greengrass
Resource-Icons_02072025/Res_IoT/Res_AWS-IoT-Greengrass_Interprocess-Communication_48.svg,aws iot greengrass
Resource-Icons_02072025/Res_IoT/Res_AWS-IoT-Analytics_Dataset_48.svg,aws iot analytics
Resource-Icons_02072025/Res_IoT/Res_AWS-IoT-Greengrass_Component-Private_48.svg,aws iot greengrass
Resource-Icons_02072025/Res_IoT/Res_AWS-IoT-Analytics_Notebook_48.svg,aws iot analytics
Resource-Icons_02072025/Res_IoT/Res_AWS-IoT-Core_Device-Location_48.svg,aws iot core
Resource-Icons_02072025/Res_IoT/Res_AWS-IoT_Lambda_Function_48.svg,aws lambda
Resource-Icons_02072025/Res_IoT/Res_AWS-IoT-Core_Device-Advisor_48.svg,aws iot core
Resource-Icons_02072025/Res_IoT/Res_AWS-IoT-SiteWise_Asset-Properties_48.svg,aws iot sitewise
Resource-Icons_02072025/Res_IoT/Res_AWS-IoT-SiteWise_Asset_48.svg,aws iot sitewise
Resource-Icons_02072025/Res_Media-Services/Res_AWS-Elemental-MediaConnect_MediaConnect-Gateway_48.svg,amazon connect
Resource-Icons_02072025/Res_Networking-Content-Delivery/Res_Amazon-Route-53_Resolver-Query-Logging_48.svg,amazon route 53
Resource-Icons_02072025/Res_Networking-Content-Delivery/Res_Amazon-Route-53_Route-Table_48.svg,amazon route 53
Resource-Icons_02072025/Res_Networking-Content-Delivery/Res_AWS-App-Mesh_Virtual-Router_48.svg,aws app mesh
Resource-Icons_02072025/Res_Networking-Content-Delivery/Res_Elastic-Load-Balancing_Classic-Load-Balancer_48.svg,elastic load balancing
Resource-Icons_02072025/Res_Networking-Content-Delivery/Res_Amazon-VPC_Peering-Connection_48.svg,amazon vpc
Resource-Icons_02072025/Res_Networking-Content-Delivery/Res_AWS-Cloud-Map_Resource_48.svg,aws cloud map
Resource-Icons_02072025/Res_Networking-Content-Delivery/Res_Amazon-Route-53_Readiness-Checks_48.svg,amazon route 53
Resource-Icons_02072025/Res_Networking-Content-Delivery/Res_AWS-Cloud-Map_Service_48.svg,aws cloud map
Resource-Icons_02072025/Res_Networking-Content-Delivery/Res_Amazon-VPC_Network-Access-Control-List_48.svg,amazon vpc
Resource-Icons_02072025/Res_Networking-Content-Delivery/Res_Amazon-VPC_Router_48.svg,amazon vpc
Resource-Icons_02072025/Res_Networking-Content-Delivery/Res_AWS-Cloud-WAN_Transit-Gateway-Route-Table-Attachment_48.svg,aws transit gateway
Resource-Icons_02072025/Res_Networking-Content-Delivery/Res_AWS-App-Mesh_Virtual-Service_48.svg,aws app mesh
Resource-Icons_02072025/Res_Networking-Content-Delivery/Res_Amazon-VPC_Endpoints_48.svg,amazon vpc
Resource-Icons_02072025/Res_Networking-Content-Delivery/Res_Amazon-VPC_Internet-Gateway_48.svg,amazon vpc
Resource-Icons_02072025/Res_Networking-Content-Delivery/Res_Amazon-Route-53_Resolver-DNS-Firewall_48.svg,amazon route 53
Resource-Icons_02072025/Res_Networking-Content-Delivery/Res_Amazon-VPC_Traffic-Mirroring_48.svg,amazon vpc
Resource-Icons_02072025/Res_Networking-Content-Delivery/Res_Amazon-VPC_Virtual-private-cloud-VPC_48.svg,amazon vpc
Resource-Icons_02072025/Res_Networking-Content-Delivery/Res_Elastic-Load-Balancing_Application-Load-Balancer_48.svg,elastic load balancing
Resource-Icons_02072025/Res_Networking-Content-Delivery/Res_AWS-Cloud-Map_Namespace_48.svg,aws cloud map
Resource-Icons_02072025/Res_Networking-Content-Delivery/Res_Amazon-VPC_Flow-Logs_48.svg,amazon vpc
Resource-Icons_02072025/Res_Networking-Content-Delivery/Res_Elastic-Load-Balancing_Gateway-Load-Balancer_48.svg,elastic load balancing
Resource-Icons_02072025/Res_Networking-Content-Delivery/Res_Amazon-VPC_Carrier-Gateway_48.svg,amazon vpc
Resource-Icons_02072025/Res_Networking-Content-Delivery/Res_Amazon-VPC_VPN-Connection_48.svg,amazon vpc
Resource-Icons_02072025/Res_Networking-Content-Delivery/Res_Amazon-VPC_Reachability-Analyzer_48.svg,amazon vpc
Resource-Icons_02072025/Res_Networking-Content-Delivery/Res_Amazon-API-Gateway_Endpoint_48.svg,amazon api gateway
Resource-Icons_02072025/Res_Networking-Content-Delivery/Res_AWS-Transit-Gateway_Attachment_48.svg,aws transit gateway
Resource-Icons_02072025/Res_Networking-Content-Delivery/Res_Elastic-Load-Balancing_Network-Load-Balancer_48.svg,elastic load balancing
Resource-Icons_02072025/Res_Networking-Content-Delivery/Res_Amazon-VPC_NAT-Gateway_48.svg,amazon vpc
Resource-Icons_02072025/Res_Networking-Content-Delivery/Res_AWS-App-Mesh_Mesh_48.svg,aws app mesh
Resource-Icons_02072025/Res_Networking-Content-Delivery/Res_Amazon-Route-53_Resolver_48.svg,amazon route 53
Resource-Icons_02072025/Res_Networking-Content-Delivery/Res_AWS-App-Mesh_Virtual-Gateway_48.svg,aws app mesh
Resource-Icons_02072025/Res_Networking-Content-Delivery/Res_Amazon-Route-53_Routing-Controls_48.svg,amazon route 53
Resource-Icons_02072025/Res_Networking-Content-Delivery/Res_Amazon-VPC_Network-Access-Analyzer_48.svg,amazon vpc
Resource-Icons_02072025/Res_Networking-Content-Delivery/Res_Amazon-Route-53-Hosted-Zone_48.svg,amazon route 53
Resource-Icons_02072025/Res_Networking-Content-Delivery/Res_Amazon-VPC_Customer-Gateway_48.svg,amazon vpc
Resource-Icons_02072025/Res_Networking-Content-Delivery/Res_Amazon-VPC_Elastic-Network-Interface_48.svg,amazon vpc
Resource-Icons_02072025/Res_Networking-Content-Delivery/Res_Amazon-VPC_VPN-Gateway_48.svg,amazon vpc
Resource-Icons_02072025/Res_Networking-Content-Delivery/Res_Amazon-VPC_Elastic-Network-Adapter_48.svg,amazon vpc
Resource-Icons_02072025/Res_Networking-Content-Delivery/Res_AWS-App-Mesh_Virtual-Node_48.svg,aws app mesh
Resource-Icons_02072025/Res_Networking-Content-Delivery/Res_AWS-Direct-Connect_Gateway_48.svg,aws direct connect
Resource-Icons_02072025/Res_End-User-Computing/Res_Amazon-WorkSpaces-Family_Amazon-WorkSpaces-Secure-Browser_48.svg,amazon workspaces
Resource-Icons_02072025/Res_End-User-Computing/Res_Amazon-WorkSpaces-Family_Amazon-WorkSpaces-Core_48.svg,amazon workspaces
Resource-Icons_02072025/Res_End-User-Computing/Res_Amazon-WorkSpaces-Family_Amazon-WorkSpaces_48.svg,amazon workspaces
Architecture-Group-Icons_02072025/EC2-instance-contents_32.svg,amazon ec2
Architecture-Group-Icons_02072025/AWS-IoT-Greengrass-Deployment_32.svg,aws iot greengrass
Architecture-Group-Icons_02072025/Virtual-private-cloud-VPC_32.svg,amazon vpc
Architecture-Group-Icons_02072025/AWS-Cloud_32.svg,aws cloud map
